INSERT INTO `VACINA` VALUES ('AstraZeneca',2,1),('Butanvac',1,0),('CoronaVac',2,0),('Johnson&Johnson',1,1),('Pfizer',2,1),('SputnikV',2,1),('Versamune',1,0);
INSERT INTO `UNIDADE_VACINACAO` VALUES ('BH001','Amazonas, 523','Posto de Saúde'),('BH002','Bela Vista, 741','Hospital'),('BH003','Duque de Caxias, 963','Drive-through'),('GO001','Belo Horizonte, 251','Posto de Saúde'),('GO002','José Bonifácio, 845','Hospital'),('GO003','Mato Grosso, 986','Drive-through'),('RJ001','Dezenove, 254','Posto de Saúde'),('RJ002','Projetada, 321','Hospital'),('RJ003','Santos Dumont, 129','Drive-through'),('SA001','Rui Barbosa, 452','Posto de Saúde'),('SA002','Santa Catarina, 741','Hospital'),('SA003','Treze De Maio, 365','Drive-through'),('SP001','Tiradentes, 384','Posto de Saúde'),('SP002','Getúlio Vargas, 452','Hospital'),('SP003','Bahia, 415','Drive-through');
INSERT INTO `POSSUI_VACINA` VALUES ('BH001','SputnikV',581755),('BH002','Johnson&Johnson',708372),('BH003','Versamune',812937),('GO001','SputnikV',456789),('GO002','Versamune',259247),('GO003','Johnson&Johnson',392173),('GO003','SputnikV',306922),('RJ001','Johnson&Johnson',376874),('RJ002','CoronaVac',509531),('RJ003','Johnson&Johnson',784019),('SA001','Butanvac',207981),('SA001','CoronaVac',882382),('SA002','Pfizer',786548),('SA003','Butanvac',461480),('SP001','AstraZeneca',290402),('SP001','Versamune',456789),('SP002','Butanvac',199349),('SP002','CoronaVac',648100),('SP002','SputnikV',156232),('SP003','Pfizer',456879);
INSERT INTO `PACIENTE` VALUES ('00071835236','Dane Mclaughlin','FEMININO','1921-05-09','2021-01-13','2021-03-21',1,'Versamune','BH001'),('00148386797','Amy Warner','FEMININO','1980-03-13','2021-02-19','2021-03-22',0,'Johnson&Johnson','RJ001'),('00197142250','Ryan Patton','FEMININO','1923-07-29','2021-03-09','2021-03-21',0,'AstraZeneca','BH002'),('00378033145','Edward Reid','FEMININO','1906-10-04','2021-03-20','2021-03-23',0,'Pfizer','BH003'),('00378834512','Abraham Bauer','OUTRO','1997-01-31','2021-03-21','2021-03-22',0,'CoronaVac','SA001'),('00471601016','Halee Pruitt','MASCULINO','1963-12-18','2021-03-24','2021-03-27',0,'CoronaVac','SP001'),('00495624619','Bianca Knowles','OUTRO','1913-09-20','2021-03-09','2021-03-24',0,'AstraZeneca','SA001'),('00617109750','Montana Cox','FEMININO','1983-03-05','2021-02-14','2021-03-24',0,'SputnikV','GO001'),('00634778952','September Mosley','OUTRO','1991-01-08','2021-02-19','2021-03-25',0,'Pfizer','GO003'),('00644679549','Cherokee Marquez','FEMININO','1968-07-23','2021-01-17','2021-03-25',0,'Pfizer','SA002'),('00672639532','Armando Hardin','OUTRO','1904-03-21','2021-02-15','2021-03-27',1,'AstraZeneca','SP003'),('00774690372','Garrett Norris','MASCULINO','1999-07-25','2021-02-08','2021-03-22',1,'Johnson&Johnson','GO002'),('00794719544','Chloe Cameron','FEMININO','1960-08-28','2021-03-15','2021-03-25',1,'Butanvac','BH001'),('00828701571','Hilel Ramirez','MASCULINO','1975-12-12','2021-03-17','2021-03-26',1,'CoronaVac','BH003'),('00873111396','Rose Jordan','MASCULINO','1939-09-30','2021-02-05','2021-03-27',1,'Versamune','SP002'),('00876324748','Garth Park','FEMININO','1934-07-06','2021-01-29','2021-03-26',1,'AstraZeneca','SP001'),('01074524788','Dominique Bowen','FEMININO','1974-10-29','2021-01-06','2021-03-25',0,'SputnikV','SP002'),('01088020862','Winifred May','FEMININO','1930-05-27','2021-03-02','2021-03-25',1,'CoronaVac','BH002'),('01188229005','Demetrius Hart','MASCULINO','1989-09-11','2021-03-27','2021-03-24',0,'AstraZeneca','RJ002'),('01274818063','Fitzgerald Mays','OUTRO','2001-06-26','2021-01-29','2021-03-23',1,'CoronaVac','RJ001'),('01326365624','Coby Atkinson','MASCULINO','1974-11-20','2021-03-18','2021-03-22',0,'AstraZeneca','SP003'),('01345983237','Aidan Stephens','FEMININO','1976-07-09','2021-01-17','2021-03-25',0,'Johnson&Johnson','SP002'),('01473104947','Jason Hammond','MASCULINO','1998-04-13','2021-03-08','2021-03-21',1,'AstraZeneca','RJ002'),('01567971398','Abel Dixon','MASCULINO','2004-12-04','2021-01-16','2021-03-23',1,'AstraZeneca','SA002'),('01580719037','Ivory Shannon','OUTRO','1934-06-07','2021-03-08','2021-03-26',1,'CoronaVac','SP002'),('01773087499','Chase Hansen','MASCULINO','1956-06-05','2021-02-14','2021-03-27',0,'SputnikV','SA002'),('01976043803','Margaret Lara','OUTRO','2014-07-29','2021-01-27','2021-03-22',0,'Butanvac','BH002'),('02217359868','Autumn Phelps','MASCULINO','2011-09-08','2021-01-14','2021-03-26',1,'Butanvac','GO002'),('02241874562','Winter Fitzgerald','OUTRO','1997-12-04','2021-01-19','2021-03-26',1,'Butanvac','BH001'),('02429940629','Brynn Richards','FEMININO','1970-10-01','2021-01-01','2021-03-22',0,'CoronaVac','RJ002'),('02596513681','Lee Blair','MASCULINO','1981-12-29','2021-02-17','2021-03-23',0,'Versamune','GO001'),('02686208474','William Fry','FEMININO','1953-01-03','2021-03-01','2021-03-21',0,'Versamune','SA002'),('02897005684','Whoopi Vance','MASCULINO','1985-10-26','2021-03-14','2021-03-24',0,'Versamune','SP002'),('03078410465','Jackson Glass','MASCULINO','1909-07-15','2021-02-05','2021-03-22',1,'Butanvac','RJ002'),('03228298992','Clark Nixon','OUTRO','1940-12-20','2021-03-17','2021-03-24',1,'SputnikV','SA003'),('03241857062','Channing Frederick','FEMININO','1907-10-21','2021-01-30','2021-03-21',1,'Versamune','BH002'),('03525294072','Kylan Morales','FEMININO','1961-04-11','2021-03-03','2021-03-27',0,'SputnikV','SP003'),('03555584277','Desirae Medina','OUTRO','1916-01-08','2021-03-07','2021-03-22',1,'Johnson&Johnson','BH003'),('03786524746','Scarlett Eaton','OUTRO','1978-01-11','2021-02-10','2021-03-26',1,'SputnikV','SP001'),('03980620474','Dale Dale','MASCULINO','1932-09-20','2021-02-08','2021-03-24',1,'SputnikV','RJ003'),('03994717230','Felix Bowman','FEMININO','1913-01-24','2021-03-19','2021-03-27',0,'Versamune','BH001'),('04042747770','Amal Holcomb','OUTRO','1927-08-31','2021-02-10','2021-03-24',0,'Versamune','RJ001'),('04144426799','Matthew Navarro','OUTRO','2018-05-30','2021-01-14','2021-03-22',0,'Versamune','RJ003'),('04157045992','Tate Williamson','OUTRO','1927-12-25','2021-03-07','2021-03-21',0,'SputnikV','SA001'),('04469347209','Zachary Fuentes','MASCULINO','1931-12-21','2021-02-16','2021-03-26',1,'Butanvac','RJ002'),('04543053039','Damian Mcdaniel','OUTRO','1905-12-18','2021-02-10','2021-03-24',0,'AstraZeneca','RJ002'),('04870263466','Lael Hooper','OUTRO','1962-02-24','2021-01-09','2021-03-27',0,'Johnson&Johnson','GO001'),('05050058755','Odessa Cotton','OUTRO','1914-06-18','2021-01-07','2021-03-27',1,'SputnikV','SP003'),('05140270491','Deacon Ellis','MASCULINO','2006-06-27','2021-03-08','2021-03-26',1,'Johnson&Johnson','SP001'),('05202948767','Halla Hale','FEMININO','1946-05-24','2021-01-19','2021-03-26',0,'AstraZeneca','BH001'),('05227427043','Reuben Frank','OUTRO','1960-12-13','2021-03-17','2021-03-22',1,'Pfizer','RJ003'),('05337274574','Irene Combs','FEMININO','1968-08-10','2021-02-17','2021-03-25',1,'AstraZeneca','SP003'),('05504309873','Jamalia Kirby','MASCULINO','1926-01-27','2021-01-15','2021-03-27',0,'Johnson&Johnson','GO003'),('05551616367','Amy Dotson','OUTRO','1989-01-08','2021-02-08','2021-03-27',0,'Pfizer','RJ002'),('05633674532','David Hernandez','FEMININO','1936-11-13','2021-01-19','2021-03-24',1,'Versamune','BH003'),('05663987230','Cain Gates','MASCULINO','1976-01-17','2021-03-01','2021-03-22',0,'Versamune','GO002'),('05830072279','Graham Mckinney','OUTRO','1939-06-01','2021-02-08','2021-03-22',1,'CoronaVac','GO002'),('05883627252','Martha Manning','FEMININO','1968-12-14','2021-03-12','2021-03-24',0,'Versamune','RJ002'),('05896794924','Rhiannon Bender','FEMININO','1929-10-29','2021-03-22','2021-03-22',1,'Pfizer','SP003'),('06190449119','Pascale Carrillo','OUTRO','1981-04-27','2021-03-26','2021-03-24',0,'Johnson&Johnson','SA003'),('06293001141','Berk Buchanan','MASCULINO','2006-02-18','2021-03-14','2021-03-25',0,'Butanvac','SP001'),('06451842897','Sonia Flores','FEMININO','1965-06-20','2021-03-01','2021-03-21',1,'SputnikV','BH001'),('06508731617','Kasper Nunez','MASCULINO','1998-08-20','2021-01-03','2021-03-23',1,'AstraZeneca','GO001'),('06751812035','Curran Alford','OUTRO','1941-08-01','2021-01-28','2021-03-23',0,'AstraZeneca','GO002'),('06789099905','May Meyer','FEMININO','1964-02-02','2021-03-03','2021-03-25',1,'SputnikV','BH003'),('06921161190','Yetta Stephens','FEMININO','1972-04-05','2021-03-15','2021-03-25',0,'AstraZeneca','RJ001'),('06921892272','Lilah Pruitt','MASCULINO','1985-04-18','2021-01-04','2021-03-26',1,'SputnikV','SA003'),('06923601795','Aphrodite Delaney','MASCULINO','1996-02-09','2021-03-22','2021-03-24',0,'Pfizer','GO003'),('07016751417','Meredith Mclean','OUTRO','1954-09-20','2021-03-19','2021-03-25',0,'Butanvac','RJ001'),('07041257715','Aspen Larson','FEMININO','1973-11-16','2021-02-19','2021-03-22',0,'Butanvac','RJ003'),('07218505701','Clayton Haynes','FEMININO','1990-02-27','2021-03-17','2021-03-27',1,'AstraZeneca','SA003'),('07302606129','Colby Blake','OUTRO','1960-10-22','2021-01-19','2021-03-24',1,'AstraZeneca','RJ001'),('07332659849','Orli Frost','MASCULINO','1912-08-29','2021-01-29','2021-03-24',1,'SputnikV','GO001'),('07334388016','Veda Alston','OUTRO','1982-01-29','2021-03-12','2021-03-21',0,'Pfizer','RJ001'),('07486440746','Jermaine Williamson','OUTRO','1962-12-08','2021-03-13','2021-03-25',0,'SputnikV','SP002'),('07547337756','Jakeem Carson','MASCULINO','1921-10-23','2021-02-27','2021-03-21',1,'Pfizer','BH001'),('07548551632','Rafael Bullock','FEMININO','1927-10-10','2021-03-21','2021-03-22',0,'Versamune','RJ001'),('07635455353','Isaac Hamilton','MASCULINO','1945-01-10','2021-02-26','2021-03-27',1,'SputnikV','SP001'),('07867524743','Cecilia Santana','OUTRO','1922-08-05','2021-01-19','2021-03-24',1,'CoronaVac','SP002'),('08030825940','Wyatt Cobb','MASCULINO','2011-04-12','2021-02-22','2021-03-21',1,'CoronaVac','SA003'),('08038446509','Kelly Macias','OUTRO','1940-08-28','2021-02-04','2021-03-27',0,'Versamune','BH001'),('08162869999','Isaac Preston','MASCULINO','2002-07-12','2021-02-06','2021-03-25',0,'Pfizer','BH003'),('08227428339','Aline Boyle','FEMININO','1924-05-27','2021-01-31','2021-03-24',0,'Butanvac','BH002'),('08284153033','Cruz Randall','OUTRO','1926-01-25','2021-01-23','2021-03-21',0,'Butanvac','BH002'),('08303502319','Phelan Doyle','MASCULINO','1980-11-24','2021-02-10','2021-03-25',1,'SputnikV','SP002'),('08341331058','Merritt Harmon','OUTRO','1999-06-12','2021-03-13','2021-03-22',0,'AstraZeneca','SA001'),('08418457255','Yuli Wall','FEMININO','1914-08-13','2021-03-24','2021-03-26',0,'Johnson&Johnson','GO002'),('08466891949','Xavier Mccray','OUTRO','1971-10-21','2021-02-10','2021-03-26',0,'Butanvac','GO003'),('08505111320','Illiana Morrow','MASCULINO','1918-07-10','2021-02-11','2021-03-23',1,'AstraZeneca','GO002'),('08535083020','Rashad King','OUTRO','1936-10-28','2021-02-04','2021-03-23',1,'Butanvac','SA002'),('08682588326','Beau Munoz','FEMININO','2020-11-19','2021-02-12','2021-03-22',1,'Versamune','RJ001'),('08687181356','Shea Keith','MASCULINO','2006-08-18','2021-03-26','2021-03-25',1,'Butanvac','SA002'),('09286885138','Kim Gonzalez','OUTRO','1901-07-04','2021-02-17','2021-03-21',0,'CoronaVac','SP003'),('09356047796','Natalie Slater','OUTRO','2018-02-22','2021-03-09','2021-03-23',1,'SputnikV','SA003'),('09419749187','Lars Cooke','OUTRO','1941-09-02','2021-01-25','2021-03-21',1,'Versamune','SP003'),('09518453157','Kasimir Mendez','OUTRO','1915-09-12','2021-03-17','2021-03-25',1,'Johnson&Johnson','BH003'),('09564508897','Martena Oneill','OUTRO','1909-08-29','2021-01-20','2021-03-26',0,'SputnikV','RJ003'),('09696289943','Rigel Franco','FEMININO','2006-11-16','2021-03-21','2021-03-23',0,'CoronaVac','GO001'),('09883527251','Kuame Workman','MASCULINO','1993-05-26','2021-03-22','2021-03-21',0,'CoronaVac','GO002'),('09918188277','Lillith Hickman','MASCULINO','1911-03-22','2021-02-18','2021-03-22',1,'Versamune','SP003'),('10138225668','Tyrone Fuentes','OUTRO','1968-08-24','2021-03-04','2021-03-23',1,'Pfizer','SA001'),('10163906952','Uriah Sears','OUTRO','1999-02-19','2021-03-08','2021-03-27',1,'Butanvac','SP002'),('10225694028','Alma Robinson','FEMININO','2008-08-11','2021-01-19','2021-03-24',1,'CoronaVac','SA001'),('10243469328','Richard Reese','MASCULINO','1933-11-12','2021-02-01','2021-03-24',0,'SputnikV','SA001'),('10255413173','Zenaida Hale','FEMININO','1923-10-15','2021-02-17','2021-03-27',1,'Versamune','SP001'),('10323884314','Hakeem Henson','MASCULINO','2003-05-13','2021-02-21','2021-03-23',0,'Pfizer','SP002'),('10341928471','Octavia York','MASCULINO','1933-06-02','2021-01-22','2021-03-22',0,'Pfizer','SP003'),('10354933063','Glenna Jimenez','FEMININO','1979-09-13','2021-01-13','2021-03-24',1,'Versamune','SA003'),('10479193225','Ariana Keith','FEMININO','1995-05-05','2021-01-07','2021-03-25',0,'AstraZeneca','BH002'),('10559099990','Colton Dyer','OUTRO','1982-04-22','2021-01-27','2021-03-23',1,'Pfizer','SA001'),('10695130686','Quyn Kane','FEMININO','1956-06-30','2021-02-14','2021-03-23',0,'Johnson&Johnson','BH002'),('10795031131','Kyra Murphy','FEMININO','1973-04-05','2021-03-15','2021-03-22',1,'SputnikV','GO003'),('10937245165','Dacey Ryan','FEMININO','2009-11-17','2021-01-20','2021-03-23',0,'SputnikV','SA003'),('11017654595','Tamekah Harrington','FEMININO','2009-11-11','2021-01-09','2021-03-27',1,'Versamune','BH002'),('11028210578','Alec Steele','MASCULINO','1923-12-12','2021-01-31','2021-03-24',0,'CoronaVac','SP002'),('11078599223','Blossom Eaton','OUTRO','1909-02-19','2021-02-19','2021-03-25',1,'CoronaVac','SP001'),('11173252755','Brendan Wong','FEMININO','1967-12-31','2021-01-10','2021-03-26',1,'Pfizer','SA002'),('11353197236','Camille Carr','OUTRO','1914-11-12','2021-03-16','2021-03-25',0,'Pfizer','RJ002'),('11400571405','Stone Carr','MASCULINO','1939-11-27','2021-03-11','2021-03-21',0,'SputnikV','SP001'),('11526579804','Larissa Alexander','FEMININO','1916-04-20','2021-01-05','2021-03-27',0,'Pfizer','BH001'),('11618362839','Lana Pate','OUTRO','1902-01-21','2021-01-22','2021-03-23',0,'AstraZeneca','SA003'),('11621517671','Chase Marsh','MASCULINO','1925-12-11','2021-01-05','2021-03-23',0,'Versamune','SA001'),('11906243293','Medge Rocha','OUTRO','1915-04-15','2021-03-10','2021-03-22',0,'CoronaVac','SP002'),('11932188482','Rashad Rich','FEMININO','1953-08-16','2021-02-06','2021-03-21',0,'Butanvac','GO002'),('11978434506','Cairo Everett','FEMININO','1968-09-28','2021-01-03','2021-03-21',1,'Versamune','RJ003'),('12024284429','Hayley Powers','MASCULINO','2011-04-30','2021-01-11','2021-03-24',1,'Versamune','SP002'),('12228417974','Todd Underwood','FEMININO','1928-10-27','2021-03-15','2021-03-21',0,'CoronaVac','SA001'),('12273822432','Lila Mcfarland','MASCULINO','1979-11-12','2021-01-03','2021-03-22',0,'Butanvac','GO001'),('12301741551','Ann Mcdowell','FEMININO','2014-02-11','2021-01-19','2021-03-22',1,'Versamune','SA001'),('12330113768','Thomas Lee','FEMININO','1978-08-20','2021-02-20','2021-03-27',1,'Pfizer','RJ003'),('12384252798','Chadwick Rivera','FEMININO','2015-08-02','2021-02-01','2021-03-27',1,'Butanvac','SA003'),('12446939391','Jelani Ruiz','FEMININO','1933-12-16','2021-02-24','2021-03-26',1,'Versamune','RJ001'),('12466181971','Martin Dominguez','FEMININO','1915-04-11','2021-03-01','2021-03-21',0,'AstraZeneca','SA002'),('12527627360','Joel Banks','FEMININO','2003-02-16','2021-03-23','2021-03-26',1,'Versamune','SP001'),('12648727971','Simone Morton','OUTRO','2003-09-07','2021-03-16','2021-03-22',0,'AstraZeneca','SA003'),('12840759305','Christen Haney','MASCULINO','1964-02-04','2021-03-11','2021-03-23',0,'SputnikV','GO001'),('12906382110','Ahmed Gonzales','MASCULINO','1922-09-27','2021-02-16','2021-03-27',1,'Butanvac','BH002'),('12983596991','Hamish Compton','MASCULINO','1994-03-04','2021-01-13','2021-03-22',0,'Johnson&Johnson','SA001'),('12988787910','Jin Dudley','MASCULINO','1947-04-23','2021-02-16','2021-03-24',0,'Pfizer','RJ001'),('12991159733','Frances Kinney','FEMININO','2013-03-28','2021-02-19','2021-03-22',1,'Butanvac','RJ003'),('13099617238','Quin Dawson','OUTRO','1985-03-06','2021-01-29','2021-03-27',1,'CoronaVac','SA001'),('13161528450','Alea Horton','OUTRO','1943-09-01','2021-03-22','2021-03-24',1,'Butanvac','RJ003'),('13321104792','Callum Talley','MASCULINO','1965-08-10','2021-01-04','2021-03-22',0,'Johnson&Johnson','BH002'),('13540811350','Hamilton Steele','FEMININO','1957-05-22','2021-03-20','2021-03-22',0,'Pfizer','SP002'),('13614137012','Odysseus Guthrie','FEMININO','1923-02-24','2021-03-12','2021-03-25',1,'Versamune','SP003'),('13647355924','Wynter Hanson','OUTRO','1959-02-08','2021-02-16','2021-03-27',0,'CoronaVac','SP003'),('13653805072','Ivy Kerr','MASCULINO','1902-02-21','2021-02-19','2021-03-25',1,'Pfizer','SP003'),('13704972214','Emerson Coleman','MASCULINO','1934-07-22','2021-02-24','2021-03-27',1,'Johnson&Johnson','GO002'),('13916254226','Laith Lynn','OUTRO','1991-07-22','2021-03-22','2021-03-21',0,'Butanvac','GO001'),('14007479452','Echo Love','OUTRO','1928-01-11','2021-03-10','2021-03-21',1,'SputnikV','RJ001'),('14048178954','Helen Barr','OUTRO','1994-09-15','2021-03-19','2021-03-21',0,'Versamune','GO002'),('14084125962','Maisie Calderon','FEMININO','1920-08-03','2021-02-06','2021-03-24',0,'AstraZeneca','SP001'),('14296246531','Remedios Sargent','FEMININO','1938-04-06','2021-03-09','2021-03-21',0,'Versamune','BH001'),('14314508195','Ruth Perry','FEMININO','2007-03-04','2021-02-26','2021-03-26',0,'SputnikV','SA003'),('14333698759','Len Fowler','MASCULINO','1982-05-28','2021-03-14','2021-03-24',1,'Johnson&Johnson','BH001'),('14499600316','Idona Baxter','MASCULINO','2007-02-19','2021-02-22','2021-03-26',0,'Pfizer','GO003'),('14511038564','Dai Knight','MASCULINO','2013-07-21','2021-03-04','2021-03-26',0,'Johnson&Johnson','SP003'),('14618229328','Shannon Santos','FEMININO','1968-07-30','2021-03-10','2021-03-24',0,'Johnson&Johnson','GO003'),('14742527480','Tanner Wyatt','FEMININO','2003-07-19','2021-02-04','2021-03-24',0,'Butanvac','BH003'),('14806597398','Pandora Spence','FEMININO','1977-01-03','2021-02-07','2021-03-26',0,'Pfizer','SP001'),('14840885496','Kamal Hayes','FEMININO','2006-11-29','2021-02-19','2021-03-25',1,'AstraZeneca','GO003'),('15110659063','Madison Dorsey','MASCULINO','1990-02-04','2021-02-01','2021-03-23',1,'Pfizer','SA003'),('15282083413','Lance Whitehead','OUTRO','1939-01-01','2021-02-28','2021-03-26',1,'SputnikV','BH002'),('15306498553','Melodie Ross','MASCULINO','1977-10-30','2021-01-25','2021-03-24',1,'Versamune','BH002'),('15350580890','Winter Moss','OUTRO','1985-04-06','2021-01-24','2021-03-23',1,'Versamune','SP001'),('15439772228','Maisie Acevedo','FEMININO','2002-04-14','2021-03-10','2021-03-24',0,'Butanvac','GO003'),('15513192868','Sade Austin','FEMININO','2009-08-27','2021-02-21','2021-03-27',0,'CoronaVac','RJ003'),('15613612829','Amber Stevens','OUTRO','2002-11-14','2021-02-19','2021-03-26',0,'Pfizer','SA002'),('15706259416','Ralph Bonner','MASCULINO','1972-07-19','2021-03-18','2021-03-25',1,'Johnson&Johnson','SA001'),('15808220252','Colin Blackburn','OUTRO','1951-12-06','2021-03-24','2021-03-25',0,'Johnson&Johnson','SA002'),('16129868652','Olga Tyler','OUTRO','1932-12-10','2021-03-02','2021-03-25',1,'CoronaVac','BH001'),('16202742250','David Mercado','OUTRO','1981-09-18','2021-03-13','2021-03-23',1,'Johnson&Johnson','SP002'),('16352728440','Angelica Nolan','OUTRO','1978-06-27','2021-01-31','2021-03-27',0,'CoronaVac','RJ001'),('16403083386','September Harmon','MASCULINO','1978-10-29','2021-02-07','2021-03-27',0,'Butanvac','GO003'),('16456112347','Whitney Talley','MASCULINO','1997-12-05','2021-03-15','2021-03-26',1,'Versamune','RJ001'),('16555943563','Jermaine Galloway','OUTRO','1933-10-29','2021-02-23','2021-03-23',0,'Versamune','SP002'),('16709499080','Orla Pollard','MASCULINO','2006-06-15','2021-03-27','2021-03-26',0,'Johnson&Johnson','RJ002'),('16746066083','Keaton Hurst','OUTRO','1912-11-29','2021-03-11','2021-03-22',1,'SputnikV','RJ001'),('16878644681','Alfreda Sanford','OUTRO','2010-02-17','2021-01-20','2021-03-21',0,'Butanvac','BH002'),('16886955918','Danielle Haney','MASCULINO','2018-10-21','2021-01-25','2021-03-22',0,'SputnikV','SA002'),('16970143961','Hiram Vaughn','MASCULINO','1937-09-03','2021-03-01','2021-03-25',1,'SputnikV','BH003'),('17046096957','Judah Sims','MASCULINO','1902-09-28','2021-03-07','2021-03-25',0,'CoronaVac','RJ003'),('17093483550','Honorato Swanson','OUTRO','1935-03-10','2021-01-13','2021-03-24',0,'AstraZeneca','SP002'),('17137387007','Charde Bowen','MASCULINO','1929-06-25','2021-01-05','2021-03-27',1,'Butanvac','SA002'),('17201067377','Skyler Mathis','MASCULINO','1971-03-27','2021-03-08','2021-03-24',1,'Pfizer','RJ002'),('17251495214','Rana Kemp','FEMININO','1958-01-03','2021-01-02','2021-03-23',1,'Johnson&Johnson','SP001'),('17257964344','Kennan James','OUTRO','1989-03-12','2021-03-15','2021-03-27',1,'Pfizer','GO001'),('17261688621','Melodie Trujillo','MASCULINO','1908-01-13','2021-02-04','2021-03-23',0,'Butanvac','SP001'),('17263253171','Carly Nguyen','MASCULINO','1947-07-15','2021-02-23','2021-03-23',1,'Pfizer','RJ002'),('17532193598','Norman Anderson','MASCULINO','1977-12-27','2021-02-08','2021-03-27',1,'AstraZeneca','SA002'),('17646641317','Dale Ferguson','FEMININO','1962-09-17','2021-02-09','2021-03-26',1,'AstraZeneca','RJ001'),('17767039989','Daryl Maxwell','MASCULINO','1964-06-01','2021-02-03','2021-03-26',1,'Pfizer','SP003'),('17771352985','Reece Mcfarland','FEMININO','1958-12-24','2021-01-03','2021-03-25',1,'SputnikV','SA001'),('18004526435','Calvin Strickland','MASCULINO','1909-03-10','2021-01-08','2021-03-25',1,'Butanvac','SA003'),('18039842212','Fitzgerald Simpson','FEMININO','1916-06-29','2021-03-24','2021-03-26',1,'CoronaVac','RJ003'),('18077536017','Kirsten Parsons','MASCULINO','1957-05-01','2021-01-19','2021-03-27',1,'AstraZeneca','RJ003'),('18098480603','Sebastian Boyd','MASCULINO','1954-05-25','2021-03-11','2021-03-27',1,'SputnikV','GO001'),('18293022854','Blake Kline','FEMININO','2006-05-12','2021-01-08','2021-03-22',0,'Johnson&Johnson','SA003'),('18301816843','Zephania Elliott','FEMININO','2020-07-02','2021-02-18','2021-03-21',1,'SputnikV','SA002'),('18308488155','Perry Calderon','MASCULINO','1906-06-06','2021-01-30','2021-03-27',0,'Johnson&Johnson','GO001'),('18450399695','Baker Bradley','FEMININO','1952-07-20','2021-02-08','2021-03-25',1,'SputnikV','RJ001'),('18450709667','Hermione Whitfield','MASCULINO','2019-06-26','2021-01-16','2021-03-24',0,'AstraZeneca','SA002'),('18590458860','Flynn Faulkner','FEMININO','1984-05-10','2021-01-01','2021-03-26',0,'Johnson&Johnson','SA002'),('18702760703','Mercedes Reeves','OUTRO','1981-11-03','2021-02-08','2021-03-21',0,'CoronaVac','GO003'),('18728496719','Cyrus Black','MASCULINO','1996-09-18','2021-01-27','2021-03-24',0,'CoronaVac','GO002'),('18736268813','Cadman Love','MASCULINO','1981-08-14','2021-01-15','2021-03-21',1,'AstraZeneca','SP003'),('18960886458','Tasha Sloan','MASCULINO','1962-06-25','2021-02-06','2021-03-22',0,'Johnson&Johnson','BH002'),('19013574820','Walker Johns','FEMININO','1902-03-14','2021-02-10','2021-03-26',1,'SputnikV','RJ003'),('19091734812','Quamar Byrd','MASCULINO','2008-12-29','2021-01-07','2021-03-27',0,'SputnikV','RJ003'),('19285240495','Amal Graves','FEMININO','2019-01-26','2021-01-21','2021-03-27',0,'Johnson&Johnson','BH002'),('19297473020','Bernard Bailey','FEMININO','1907-03-27','2021-03-26','2021-03-25',0,'AstraZeneca','BH001'),('19321187447','Sawyer Simmons','MASCULINO','2001-12-01','2021-03-04','2021-03-21',1,'Pfizer','RJ003'),('19721064149','Indira Meyers','OUTRO','1911-04-16','2021-01-05','2021-03-27',0,'Johnson&Johnson','BH003'),('19848165597','Lynn Golden','MASCULINO','1924-12-28','2021-01-08','2021-03-24',1,'Pfizer','RJ002'),('20005834703','Camden Parker','OUTRO','1907-12-03','2021-03-01','2021-03-26',0,'SputnikV','GO002'),('20135061091','Brady Wilson','OUTRO','1929-08-06','2021-01-13','2021-03-25',1,'Butanvac','BH002'),('20234022053','Renee Rogers','MASCULINO','1948-09-01','2021-01-09','2021-03-26',1,'CoronaVac','BH001'),('20249870561','Jada Matthews','OUTRO','1978-01-17','2021-02-26','2021-03-24',1,'Johnson&Johnson','RJ001'),('20375940492','Lenore Sharpe','FEMININO','1913-06-07','2021-03-13','2021-03-24',1,'CoronaVac','SP001'),('20694569342','Olympia Randall','OUTRO','2017-05-14','2021-01-22','2021-03-23',1,'CoronaVac','SA002'),('20833483965','Kasimir Molina','FEMININO','1967-03-19','2021-03-15','2021-03-24',0,'AstraZeneca','GO002'),('20894633465','Aladdin Fleming','MASCULINO','1975-04-23','2021-03-06','2021-03-26',1,'CoronaVac','SP001'),('20923135682','James Nieves','OUTRO','2003-07-07','2021-03-27','2021-03-26',0,'AstraZeneca','RJ002'),('21050221625','Akeem Vargas','OUTRO','1910-09-20','2021-01-29','2021-03-22',1,'CoronaVac','SA002'),('21104369057','Jamal Salinas','OUTRO','1956-12-01','2021-01-18','2021-03-23',0,'Johnson&Johnson','BH002'),('21169959533','Elvis Rowe','OUTRO','1917-02-14','2021-01-10','2021-03-21',1,'Johnson&Johnson','BH003'),('21186346148','Kasimir Walton','FEMININO','2014-08-30','2021-03-25','2021-03-23',0,'AstraZeneca','SP003'),('21230449222','Sara Hurley','FEMININO','1988-11-06','2021-01-27','2021-03-27',0,'Butanvac','BH002'),('21254571870','Lucian Kerr','MASCULINO','1995-01-27','2021-01-16','2021-03-27',0,'AstraZeneca','RJ001'),('21329322483','Lane Blevins','MASCULINO','1963-07-18','2021-03-27','2021-03-25',1,'Versamune','SP002'),('21435126047','Marcia Whitaker','OUTRO','1919-02-11','2021-03-26','2021-03-21',1,'Versamune','BH002'),('21475852807','Genevieve Velazquez','OUTRO','1997-03-08','2021-02-27','2021-03-22',1,'Butanvac','SA003'),('21494153498','Rahim Delgado','OUTRO','1983-04-24','2021-02-04','2021-03-22',1,'Versamune','BH003'),('21693607409','Lillith Wilcox','FEMININO','1999-01-24','2021-01-03','2021-03-26',0,'SputnikV','RJ001'),('21983327964','Vance Talley','MASCULINO','1912-12-28','2021-02-04','2021-03-21',0,'Johnson&Johnson','RJ003'),('22024585622','Giacomo Haney','OUTRO','1972-12-24','2021-01-13','2021-03-24',1,'AstraZeneca','BH002'),('22082703065','Sierra Yang','MASCULINO','1958-11-18','2021-01-20','2021-03-21',0,'Pfizer','BH001'),('22085394751','Alyssa Buchanan','MASCULINO','1923-10-27','2021-03-23','2021-03-24',1,'Johnson&Johnson','GO003'),('22116255591','Abigail Mcpherson','OUTRO','2009-11-06','2021-03-15','2021-03-23',0,'AstraZeneca','BH002'),('22137301979','Vaughan Torres','MASCULINO','1915-10-31','2021-01-05','2021-03-21',0,'Johnson&Johnson','SP002'),('22142039306','Cameron Colon','MASCULINO','1986-11-21','2021-01-13','2021-03-26',0,'CoronaVac','SA001'),('22205901807','Alyssa Armstrong','FEMININO','1986-03-05','2021-03-19','2021-03-21',0,'Johnson&Johnson','BH002'),('22410847861','Rajah Ortega','OUTRO','1927-05-30','2021-03-19','2021-03-24',0,'Johnson&Johnson','GO001'),('22499204426','Rachel Merritt','MASCULINO','1962-03-30','2021-03-12','2021-03-27',0,'AstraZeneca','SA003'),('22687912881','Oren Carter','MASCULINO','1913-10-03','2021-03-09','2021-03-23',1,'Johnson&Johnson','GO001'),('22827334617','Jeanette Johns','OUTRO','1975-11-11','2021-02-19','2021-03-21',0,'SputnikV','SA002'),('22889316129','Macon Ellison','FEMININO','2020-11-28','2021-01-20','2021-03-23',0,'Pfizer','BH002'),('23007583424','Indira Berg','MASCULINO','1976-03-31','2021-02-20','2021-03-21',1,'Pfizer','RJ002'),('23034100953','Herrod Beck','OUTRO','1917-06-30','2021-01-05','2021-03-25',1,'Pfizer','SA003'),('23034464885','Cedric Cunningham','MASCULINO','1938-05-31','2021-03-18','2021-03-24',1,'Pfizer','BH002'),('23058098672','Clayton Knapp','OUTRO','1936-01-31','2021-02-23','2021-03-25',0,'Johnson&Johnson','GO002'),('23097092888','Rylee Hansen','OUTRO','2007-05-21','2021-02-23','2021-03-27',0,'Johnson&Johnson','RJ001'),('23173642867','Basil Sandoval','OUTRO','2013-08-21','2021-02-22','2021-03-24',0,'AstraZeneca','RJ001'),('23276458054','Rylee Ferrell','FEMININO','1920-12-23','2021-02-23','2021-03-21',1,'Butanvac','SP003'),('23343349985','Kermit Delgado','FEMININO','1906-03-14','2021-02-07','2021-03-22',0,'Versamune','SP001'),('23349400995','Quintessa Rice','MASCULINO','1905-06-19','2021-01-04','2021-03-23',1,'CoronaVac','RJ001'),('23351769745','Scarlet Bray','OUTRO','2010-04-10','2021-03-19','2021-03-26',1,'Johnson&Johnson','BH001'),('23604616057','Cody Lowe','OUTRO','1999-09-30','2021-01-25','2021-03-21',1,'Pfizer','GO001'),('23683761225','Benedict Banks','OUTRO','1946-02-12','2021-03-22','2021-03-25',0,'SputnikV','BH001'),('23694267934','Amaya Maddox','MASCULINO','1989-08-21','2021-01-30','2021-03-26',0,'AstraZeneca','SA003'),('23727016346','Lila Valdez','MASCULINO','1953-10-02','2021-03-13','2021-03-23',1,'AstraZeneca','GO001'),('23794614120','Michael York','MASCULINO','1940-07-10','2021-02-17','2021-03-21',0,'CoronaVac','SP003'),('23840346774','Pearl Nguyen','OUTRO','1926-04-16','2021-02-13','2021-03-22',1,'AstraZeneca','GO003'),('24048283793','Merrill Lambert','MASCULINO','2010-01-12','2021-01-12','2021-03-26',0,'Johnson&Johnson','BH002'),('24309887008','Benjamin Howell','MASCULINO','1916-11-24','2021-02-22','2021-03-24',1,'Versamune','BH001'),('24347467699','Richard Hampton','MASCULINO','1910-07-05','2021-02-08','2021-03-23',0,'Pfizer','SP003'),('24365376320','Jada Burton','MASCULINO','1901-07-25','2021-03-12','2021-03-26',1,'Butanvac','SP002'),('24537162461','Aristotle Giles','OUTRO','1995-11-09','2021-02-06','2021-03-27',1,'SputnikV','BH001'),('24563548773','Rudyard Moss','MASCULINO','1952-02-21','2021-03-11','2021-03-21',0,'SputnikV','RJ001'),('24601005131','Curran Dalton','OUTRO','1908-06-01','2021-01-13','2021-03-21',1,'AstraZeneca','SA001'),('24632990325','Alexis Merrill','OUTRO','1980-07-12','2021-02-24','2021-03-22',1,'Butanvac','SA002'),('24797206162','Arden Eaton','MASCULINO','1959-04-17','2021-03-18','2021-03-27',1,'CoronaVac','SP002'),('24910823335','Hanna Nelson','FEMININO','2010-07-22','2021-03-01','2021-03-21',0,'Butanvac','BH003'),('24945513123','Whitney Bush','FEMININO','1930-12-03','2021-02-01','2021-03-25',1,'Versamune','SP002'),('25134580215','Rahim Mack','OUTRO','1991-12-22','2021-01-18','2021-03-22',1,'Versamune','GO002'),('25197388230','Malik Burch','MASCULINO','1914-08-29','2021-01-07','2021-03-22',1,'Versamune','SP003'),('25218402123','Hyatt Craig','MASCULINO','1987-01-02','2021-01-10','2021-03-27',0,'Pfizer','SA002'),('25486106624','Armand Key','MASCULINO','1909-02-03','2021-01-21','2021-03-23',0,'CoronaVac','GO003'),('25522666578','Phyllis Hansen','FEMININO','1956-12-05','2021-03-08','2021-03-22',1,'Johnson&Johnson','SP001'),('25642609414','August Bass','FEMININO','2018-03-01','2021-01-13','2021-03-26',1,'Versamune','SP001'),('25716747304','Candace Perez','OUTRO','1943-07-10','2021-03-05','2021-03-27',1,'SputnikV','SP002'),('25780558215','Garth Henry','MASCULINO','1984-02-15','2021-03-04','2021-03-21',1,'CoronaVac','GO001'),('25823934195','Nita Cabrera','FEMININO','1934-09-03','2021-02-13','2021-03-26',0,'SputnikV','BH002'),('25833263564','Indira Herrera','OUTRO','1916-10-31','2021-01-01','2021-03-24',0,'CoronaVac','SA001'),('25839809820','Jolene Hyde','FEMININO','1908-12-08','2021-03-06','2021-03-26',0,'Johnson&Johnson','BH002'),('26007239398','Alexandra Morris','MASCULINO','1999-10-13','2021-02-05','2021-03-24',0,'AstraZeneca','GO003'),('26148358909','Xenos Stafford','OUTRO','1969-07-08','2021-02-24','2021-03-23',1,'AstraZeneca','GO002'),('26274597218','Yetta Key','FEMININO','1969-01-07','2021-03-12','2021-03-27',0,'AstraZeneca','SP003'),('26339638733','Xander Mann','MASCULINO','1900-11-26','2021-02-03','2021-03-21',0,'SputnikV','BH001'),('26465698723','Hedy Chase','MASCULINO','1918-05-16','2021-01-14','2021-03-24',1,'Versamune','GO002'),('26623893782','Tatiana York','FEMININO','2020-04-22','2021-03-01','2021-03-24',0,'AstraZeneca','RJ003'),('26763664575','Quynn Zimmerman','FEMININO','1993-11-30','2021-03-01','2021-03-23',0,'Johnson&Johnson','RJ001'),('26825525558','Paula Shelton','OUTRO','1949-02-16','2021-03-06','2021-03-23',1,'Versamune','SA002'),('26839603068','Ginger Giles','MASCULINO','1979-09-08','2021-03-02','2021-03-21',1,'Versamune','RJ002'),('26948496112','Beck Fuller','FEMININO','1915-01-06','2021-01-20','2021-03-26',0,'SputnikV','RJ001'),('27157270110','Amir Bullock','MASCULINO','1981-02-01','2021-01-08','2021-03-23',0,'Versamune','GO003'),('27158893877','Finn William','FEMININO','2010-11-10','2021-02-05','2021-03-27',0,'SputnikV','RJ003'),('27167678124','Asher Mason','MASCULINO','1958-01-17','2021-02-14','2021-03-23',0,'Pfizer','SP002'),('27264579031','Ella Knapp','OUTRO','2012-05-08','2021-01-22','2021-03-25',0,'AstraZeneca','BH003'),('27956502132','Erasmus Benjamin','FEMININO','1904-08-17','2021-02-05','2021-03-22',1,'Pfizer','RJ002'),('27993336027','Aaron Collier','FEMININO','1984-03-24','2021-01-22','2021-03-25',1,'Versamune','SA003'),('28048880346','Ariel Blackburn','FEMININO','1982-10-03','2021-02-07','2021-03-23',0,'Pfizer','RJ002'),('28096372011','Steven Bean','MASCULINO','1960-07-27','2021-01-23','2021-03-24',0,'SputnikV','BH003'),('28164597664','Callum Wolfe','FEMININO','2003-01-16','2021-02-15','2021-03-26',0,'Versamune','SA002'),('28336248964','Ainsley Forbes','FEMININO','1955-02-17','2021-01-23','2021-03-23',0,'AstraZeneca','SP003'),('28389225732','Orli Griffin','MASCULINO','1998-09-14','2021-02-04','2021-03-21',1,'CoronaVac','RJ003'),('28392439289','Tanek Cohen','MASCULINO','2013-11-17','2021-01-16','2021-03-26',1,'Butanvac','SP003'),('28469588938','Cameron Hart','MASCULINO','1962-01-19','2021-02-10','2021-03-24',0,'CoronaVac','SP001'),('28586120909','Althea Mcleod','OUTRO','1979-10-31','2021-01-07','2021-03-25',1,'SputnikV','SP002'),('28649852626','Elliott Durham','MASCULINO','1937-03-24','2021-03-04','2021-03-23',0,'SputnikV','SP002'),('28688874212','Nehru Hansen','OUTRO','1908-03-20','2021-02-27','2021-03-22',0,'CoronaVac','SA002'),('28768888380','Hadley Barlow','FEMININO','1936-01-05','2021-03-15','2021-03-24',1,'SputnikV','BH003'),('28770724029','Cailin Townsend','MASCULINO','2008-06-04','2021-02-02','2021-03-24',1,'AstraZeneca','BH001'),('28959684793','Zenaida Strong','MASCULINO','1977-02-19','2021-01-23','2021-03-21',0,'Pfizer','GO002'),('29015869890','Marvin Rogers','FEMININO','1916-06-19','2021-03-19','2021-03-23',0,'Butanvac','GO001'),('29121695553','Evangeline Leonard','FEMININO','1906-08-30','2021-03-20','2021-03-23',0,'Versamune','SA002'),('29196116902','Jade Smith','OUTRO','1928-03-01','2021-03-19','2021-03-22',0,'AstraZeneca','SA003'),('29257568361','Alexandra Glover','OUTRO','2004-07-20','2021-02-02','2021-03-21',1,'Butanvac','RJ003'),('29354463064','Ila Ramirez','FEMININO','1932-04-30','2021-01-28','2021-03-21',0,'Butanvac','GO003'),('29420953339','Kelly Rosa','FEMININO','1911-11-03','2021-02-04','2021-03-25',0,'Pfizer','SP002'),('30248257937','Carolyn Stein','OUTRO','1921-12-30','2021-03-11','2021-03-24',1,'Pfizer','SP003'),('30287602503','Ishmael Boyle','MASCULINO','1999-03-24','2021-01-08','2021-03-27',0,'SputnikV','SP002'),('30532588490','Cathleen Rogers','OUTRO','1988-08-23','2021-03-21','2021-03-21',0,'Butanvac','BH003'),('30588858655','Yen Gould','OUTRO','1922-06-17','2021-03-10','2021-03-26',0,'AstraZeneca','RJ003'),('30659999400','Zeph Espinoza','OUTRO','2008-11-14','2021-03-15','2021-03-26',0,'CoronaVac','GO003'),('30713618498','Marcia Cline','MASCULINO','1975-02-16','2021-03-15','2021-03-26',0,'SputnikV','GO001'),('30759833321','Geraldine Lane','OUTRO','1938-07-20','2021-01-09','2021-03-23',0,'CoronaVac','GO003'),('30944068231','Wing Roth','MASCULINO','1964-05-21','2021-01-19','2021-03-27',1,'Pfizer','RJ003'),('31098169785','Curran Peters','OUTRO','1900-10-18','2021-02-02','2021-03-23',1,'Versamune','SA001'),('31186419620','Megan Sweet','FEMININO','2009-09-26','2021-03-17','2021-03-26',1,'Johnson&Johnson','SA002'),('31301953540','Germaine Espinoza','MASCULINO','2016-08-04','2021-03-05','2021-03-21',1,'CoronaVac','RJ002'),('31429943473','Mohammad Charles','FEMININO','1972-11-30','2021-02-14','2021-03-25',1,'Versamune','BH003'),('31451956614','Keith Payne','MASCULINO','1982-03-03','2021-01-16','2021-03-22',0,'Johnson&Johnson','SP001'),('31571505349','Cherokee Booker','MASCULINO','2002-12-05','2021-02-10','2021-03-22',1,'AstraZeneca','BH001'),('31600175148','Stone Hebert','OUTRO','1995-07-16','2021-03-24','2021-03-23',0,'SputnikV','SP003'),('31654540687','Harlan Mccoy','MASCULINO','1952-09-24','2021-02-14','2021-03-24',1,'AstraZeneca','RJ003'),('31758263662','Sade Oneal','FEMININO','1936-06-03','2021-01-15','2021-03-25',1,'Versamune','BH001'),('31791868934','Dean Alston','OUTRO','2000-05-05','2021-02-20','2021-03-23',0,'Johnson&Johnson','SP003'),('31884130854','Elaine Weber','OUTRO','1947-01-13','2021-02-24','2021-03-24',0,'Versamune','SA002'),('31909996862','Jessica Wall','FEMININO','1921-03-22','2021-01-10','2021-03-27',1,'SputnikV','RJ003'),('32062363609','Indigo Preston','FEMININO','1961-11-08','2021-02-25','2021-03-21',0,'Versamune','GO001'),('32124938606','Steel Ellison','FEMININO','2014-10-16','2021-03-13','2021-03-27',0,'Butanvac','RJ002'),('32134831752','Wyatt Dunn','OUTRO','1924-07-28','2021-02-16','2021-03-21',0,'AstraZeneca','BH001'),('32201882127','Maryam Berry','MASCULINO','1987-10-26','2021-01-09','2021-03-22',0,'CoronaVac','SA001'),('32374297898','Ruth Wilcox','MASCULINO','1959-06-29','2021-03-17','2021-03-25',0,'Butanvac','SA002'),('32472347662','Stella Mullins','OUTRO','1949-06-19','2021-01-22','2021-03-24',1,'SputnikV','GO002'),('32505490193','Grady Levine','MASCULINO','1911-12-10','2021-02-03','2021-03-21',0,'Versamune','BH001'),('32594678540','Doris Carroll','FEMININO','2020-01-16','2021-02-16','2021-03-24',0,'SputnikV','RJ002'),('32970372309','Lester Allen','MASCULINO','2017-02-22','2021-01-21','2021-03-26',1,'Johnson&Johnson','GO002'),('32971005130','Adele Cantrell','OUTRO','2009-01-19','2021-02-22','2021-03-22',0,'CoronaVac','GO002'),('33180507378','Mohammad Price','FEMININO','2013-11-21','2021-02-09','2021-03-22',1,'AstraZeneca','BH002'),('33326533343','Bethany Mullen','MASCULINO','1905-03-11','2021-01-15','2021-03-22',0,'CoronaVac','BH002'),('33578996261','Jael Harris','FEMININO','2008-01-12','2021-02-21','2021-03-23',1,'SputnikV','RJ002'),('33721684366','Kaye Sweet','OUTRO','1980-11-14','2021-01-30','2021-03-27',0,'SputnikV','BH002'),('33759802204','Hall Bates','OUTRO','1973-07-19','2021-02-01','2021-03-22',1,'Pfizer','RJ001'),('33783557959','Maggie Patton','OUTRO','2003-05-06','2021-02-16','2021-03-25',1,'AstraZeneca','GO001'),('33837956941','Elmo Weber','FEMININO','1933-02-04','2021-02-06','2021-03-27',1,'Butanvac','RJ001'),('33838507002','Lavinia Freeman','FEMININO','2005-12-17','2021-03-16','2021-03-24',1,'AstraZeneca','RJ003'),('33977594421','Rhea Guerrero','FEMININO','1900-07-18','2021-02-06','2021-03-21',1,'Versamune','RJ002'),('34007697553','Olga Cervantes','FEMININO','1942-05-22','2021-01-22','2021-03-24',0,'Versamune','BH002'),('34191097447','Cynthia Monroe','FEMININO','1918-03-20','2021-01-12','2021-03-25',0,'Pfizer','GO003'),('34248558863','Rama Colon','FEMININO','2008-01-09','2021-02-04','2021-03-23',0,'SputnikV','RJ002'),('34300391154','Elaine Cash','MASCULINO','1982-06-25','2021-02-18','2021-03-27',0,'Pfizer','RJ003'),('34526912694','Cora Odonnell','MASCULINO','1960-03-24','2021-01-30','2021-03-25',0,'Johnson&Johnson','SA001'),('34658133940','Lareina Stanton','FEMININO','1972-04-22','2021-01-25','2021-03-23',1,'Butanvac','GO002'),('34707741827','Maxine Watts','OUTRO','1977-03-09','2021-01-20','2021-03-23',0,'Versamune','SP002'),('34750860602','Uriel Vazquez','MASCULINO','1922-02-24','2021-01-20','2021-03-26',0,'SputnikV','BH001'),('34759280496','Honorato Hunter','OUTRO','2015-03-04','2021-02-24','2021-03-26',1,'AstraZeneca','SA002'),('34765948864','Kato Rojas','MASCULINO','1914-03-29','2021-01-03','2021-03-27',0,'AstraZeneca','GO002'),('34866729998','Merritt Howe','OUTRO','2016-06-25','2021-01-27','2021-03-27',0,'Versamune','SA001'),('34947932323','Isaiah Brooks','OUTRO','1966-11-14','2021-02-20','2021-03-25',0,'Pfizer','BH002'),('35036594539','Hyacinth Sullivan','FEMININO','1952-03-23','2021-01-16','2021-03-23',1,'AstraZeneca','RJ003'),('35053920813','Hector Rodgers','OUTRO','1975-02-04','2021-01-08','2021-03-22',0,'Versamune','GO003'),('35102322455','Theodore Jennings','MASCULINO','1925-09-19','2021-02-19','2021-03-26',1,'Johnson&Johnson','RJ001'),('35216318860','Kiara Huffman','FEMININO','1988-07-20','2021-01-03','2021-03-24',0,'Versamune','BH002'),('35450822190','Reese Mosley','MASCULINO','1962-04-06','2021-02-20','2021-03-21',0,'Pfizer','RJ003'),('35555490148','Zia Sullivan','OUTRO','2002-11-16','2021-03-27','2021-03-23',0,'CoronaVac','SP001'),('35855620476','Amethyst Morgan','FEMININO','1903-07-02','2021-01-18','2021-03-22',1,'Pfizer','SP003'),('36000748653','Carly Marquez','MASCULINO','1988-07-15','2021-03-19','2021-03-23',1,'Pfizer','RJ003'),('36063346006','Xyla Hamilton','OUTRO','1921-05-02','2021-01-05','2021-03-27',1,'CoronaVac','RJ002'),('36065347864','Eaton Montoya','MASCULINO','1976-07-21','2021-01-19','2021-03-21',1,'Johnson&Johnson','GO001'),('36181416803','Colorado Young','OUTRO','1900-02-22','2021-03-22','2021-03-26',1,'AstraZeneca','BH002'),('36197981825','Mariam Mckenzie','MASCULINO','1945-06-24','2021-01-24','2021-03-22',0,'Butanvac','GO001'),('36230765081','Delilah Graham','OUTRO','1985-06-13','2021-02-06','2021-03-22',1,'CoronaVac','SA001'),('36651260072','Keaton Barber','FEMININO','1978-07-14','2021-01-03','2021-03-24',0,'Pfizer','GO001'),('36719260288','Fay Griffith','FEMININO','1912-10-04','2021-02-25','2021-03-27',0,'SputnikV','GO001'),('36884004654','Idona Parsons','MASCULINO','1979-10-24','2021-02-09','2021-03-21',0,'CoronaVac','SA003'),('36934363370','Clark Wolfe','FEMININO','1981-03-29','2021-01-20','2021-03-24',1,'Versamune','BH002'),('37083578634','Chiquita Rodgers','FEMININO','1973-04-22','2021-01-10','2021-03-27',0,'Johnson&Johnson','RJ002'),('37326713238','Barrett Pugh','MASCULINO','1974-08-31','2021-03-22','2021-03-24',0,'SputnikV','GO001'),('37407997724','Ciara Romero','FEMININO','1986-07-18','2021-03-20','2021-03-22',0,'CoronaVac','BH002'),('37423342301','Faith Aguilar','OUTRO','1913-02-24','2021-01-04','2021-03-21',1,'Johnson&Johnson','RJ003'),('37460144879','Ursula Marsh','OUTRO','1999-05-11','2021-01-19','2021-03-27',1,'CoronaVac','RJ001'),('37719101178','Timothy Cash','FEMININO','1965-07-08','2021-02-14','2021-03-25',0,'CoronaVac','RJ002'),('37885480888','Ezra Ellis','MASCULINO','1989-05-07','2021-03-19','2021-03-26',1,'Versamune','SA002'),('37911186066','Velma Bryant','OUTRO','1900-04-13','2021-02-27','2021-03-22',0,'SputnikV','BH002'),('37923387997','Warren Crane','FEMININO','1934-06-16','2021-02-15','2021-03-24',0,'SputnikV','BH001'),('38122072339','Elmo Green','MASCULINO','1922-10-13','2021-01-14','2021-03-25',1,'CoronaVac','GO003'),('38157129354','Martin Kelly','OUTRO','1941-12-17','2021-02-18','2021-03-26',1,'Butanvac','BH003'),('38179034498','Georgia Chang','OUTRO','1962-06-21','2021-02-04','2021-03-25',0,'Butanvac','GO001'),('38179348738','Abbot Cardenas','MASCULINO','1926-03-14','2021-01-12','2021-03-26',1,'Versamune','RJ001'),('38265957951','Kyra Summers','OUTRO','1978-04-01','2021-03-09','2021-03-27',1,'Johnson&Johnson','GO002'),('38463067386','Brett Flynn','MASCULINO','1938-01-10','2021-01-03','2021-03-23',0,'Butanvac','SA001'),('38463202544','Malachi Gordon','FEMININO','1935-01-21','2021-03-14','2021-03-26',1,'CoronaVac','GO003'),('38483241017','Quyn Carr','OUTRO','1966-11-04','2021-02-03','2021-03-26',0,'Butanvac','SP002'),('38762079539','Jada Lott','OUTRO','1924-05-27','2021-01-11','2021-03-23',0,'CoronaVac','GO002'),('38888404106','Burton Christensen','FEMININO','1928-11-09','2021-02-24','2021-03-23',1,'CoronaVac','BH003'),('39013713480','Wade Mathews','FEMININO','1920-08-29','2021-03-02','2021-03-27',0,'AstraZeneca','GO003'),('39081678502','Hayley Pope','MASCULINO','2017-01-29','2021-02-02','2021-03-23',0,'Johnson&Johnson','BH002'),('39113153458','Brandon Holden','MASCULINO','1982-12-03','2021-02-08','2021-03-21',0,'Pfizer','RJ001'),('39149036561','Mufutau Jarvis','MASCULINO','2005-02-23','2021-01-18','2021-03-25',1,'Versamune','RJ001'),('39262637794','Sydnee Grant','MASCULINO','1959-02-23','2021-01-21','2021-03-21',0,'CoronaVac','GO003'),('39372260765','Dean Cote','OUTRO','1906-04-12','2021-03-06','2021-03-22',0,'AstraZeneca','GO001'),('39396945567','Rhonda Mcbride','MASCULINO','1982-06-12','2021-02-28','2021-03-27',1,'CoronaVac','BH002'),('39527625064','Elton Mckay','FEMININO','1974-08-23','2021-03-15','2021-03-22',0,'Butanvac','BH001'),('39671391211','Petra Myers','OUTRO','1906-11-26','2021-02-13','2021-03-21',1,'AstraZeneca','GO002'),('40038429907','Lara Farmer','FEMININO','1949-03-27','2021-03-20','2021-03-25',1,'AstraZeneca','SA003'),('40215062758','Samson Parrish','FEMININO','1923-05-12','2021-01-24','2021-03-26',0,'Versamune','BH003'),('40302523075','Grant Obrien','MASCULINO','1912-11-11','2021-01-07','2021-03-26',0,'Johnson&Johnson','GO002'),('40335848370','Anne Soto','OUTRO','1958-03-03','2021-03-20','2021-03-24',0,'CoronaVac','RJ003'),('40480704460','Ariana Foster','MASCULINO','1921-07-15','2021-02-11','2021-03-27',1,'AstraZeneca','RJ002'),('40608407679','Iris Shepherd','MASCULINO','1904-02-16','2021-03-09','2021-03-27',1,'Pfizer','SP002'),('40668287171','Audrey Herman','FEMININO','1924-11-16','2021-03-13','2021-03-21',1,'CoronaVac','BH002'),('40823788084','Rina May','OUTRO','1991-07-21','2021-03-09','2021-03-26',0,'CoronaVac','RJ002'),('40920786066','Abdul Schultz','MASCULINO','2004-12-09','2021-01-27','2021-03-26',0,'AstraZeneca','SA001'),('41009105155','Laurel Key','FEMININO','2015-06-01','2021-03-23','2021-03-25',0,'Johnson&Johnson','GO002'),('41081956645','Rashad Walls','FEMININO','1945-12-12','2021-02-14','2021-03-26',1,'Johnson&Johnson','SP001'),('41406275321','Lydia Maxwell','FEMININO','1976-11-06','2021-01-03','2021-03-21',1,'Versamune','GO002'),('41481086727','Thomas Emerson','OUTRO','1935-03-30','2021-02-28','2021-03-27',1,'Pfizer','GO002'),('41589511931','Salvador Key','MASCULINO','1920-03-03','2021-02-04','2021-03-21',0,'AstraZeneca','SA001'),('41627712883','Bo Whitehead','FEMININO','1978-01-19','2021-01-19','2021-03-21',1,'Johnson&Johnson','RJ002'),('41658231848','Bree Powell','FEMININO','1923-03-07','2021-02-09','2021-03-25',0,'Johnson&Johnson','SP002'),('41747318087','Brett Avery','FEMININO','1932-08-22','2021-03-14','2021-03-21',1,'AstraZeneca','BH002'),('41844247890','Tad Lindsay','FEMININO','2017-05-08','2021-02-26','2021-03-27',1,'AstraZeneca','GO002'),('41854046579','Kennan Ward','OUTRO','1930-07-14','2021-01-20','2021-03-23',1,'Pfizer','SA001'),('42002988335','Madeline Short','MASCULINO','1945-10-14','2021-01-01','2021-03-21',0,'Versamune','GO002'),('42018882861','Upton Pruitt','MASCULINO','1919-10-20','2021-01-27','2021-03-27',1,'Versamune','GO003'),('42144302750','Gisela Sims','MASCULINO','1964-11-05','2021-03-15','2021-03-25',1,'CoronaVac','RJ001'),('42198169741','Athena Carlson','FEMININO','1924-04-18','2021-02-01','2021-03-21',1,'SputnikV','SA002'),('42244324083','Allen Barber','OUTRO','2012-09-14','2021-02-27','2021-03-25',0,'AstraZeneca','GO001'),('42451607925','Leandra Hunt','FEMININO','1940-09-04','2021-03-01','2021-03-22',0,'Versamune','SA001'),('42516061188','James Erickson','OUTRO','1997-02-04','2021-02-16','2021-03-21',1,'Versamune','BH003'),('42521264702','Lawrence Vaughn','FEMININO','1922-03-08','2021-02-20','2021-03-24',1,'AstraZeneca','SP003'),('42570684080','Keith Houston','FEMININO','1976-05-05','2021-03-11','2021-03-23',0,'CoronaVac','BH002'),('42619069331','Sara Lawrence','FEMININO','1962-07-14','2021-01-05','2021-03-23',0,'SputnikV','BH001'),('42646451852','Kerry Odom','OUTRO','1913-11-03','2021-02-01','2021-03-24',0,'Pfizer','SA003'),('42662222099','Ina Hebert','OUTRO','1916-11-06','2021-03-16','2021-03-24',0,'Pfizer','RJ003'),('42690900984','Sean Austin','OUTRO','2001-05-19','2021-01-05','2021-03-23',0,'Butanvac','RJ002'),('42707299777','Emery Fisher','MASCULINO','1922-10-18','2021-02-01','2021-03-26',1,'CoronaVac','SP002'),('42764865284','Grace Wells','MASCULINO','1995-07-31','2021-01-15','2021-03-22',1,'SputnikV','GO003'),('42852670164','Dennis Woodward','OUTRO','1912-05-09','2021-01-12','2021-03-26',1,'Butanvac','SP002'),('42884049690','Lester Kelly','OUTRO','1993-07-25','2021-03-06','2021-03-26',1,'Butanvac','RJ002'),('43065966947','Martha Oconnor','MASCULINO','1983-12-02','2021-03-05','2021-03-26',0,'Versamune','SA003'),('43504993428','Priscilla Booth','FEMININO','1915-09-21','2021-02-26','2021-03-22',0,'AstraZeneca','SP002'),('43715084387','Anne Porter','MASCULINO','2006-07-07','2021-02-26','2021-03-27',1,'Pfizer','BH002'),('43837631962','Rose Daugherty','FEMININO','1983-12-27','2021-03-23','2021-03-24',1,'CoronaVac','SP003'),('43873657467','Elliott Nolan','FEMININO','1948-03-29','2021-03-11','2021-03-25',0,'AstraZeneca','GO003'),('43894336436','Jin Mcleod','MASCULINO','1968-03-24','2021-03-10','2021-03-21',0,'Pfizer','GO003'),('43908492401','Kay Whitfield','MASCULINO','1980-02-18','2021-02-09','2021-03-22',0,'AstraZeneca','SA003'),('43960493716','Odessa Hicks','FEMININO','1946-10-24','2021-01-14','2021-03-25',0,'Pfizer','SA001'),('43967700103','Guy Oneill','FEMININO','1968-01-17','2021-02-14','2021-03-23',1,'CoronaVac','SA003'),('44049373758','Cheryl Best','FEMININO','2015-04-09','2021-03-11','2021-03-27',1,'Butanvac','BH001'),('44058299612','Kelly Parker','OUTRO','1945-01-01','2021-03-27','2021-03-26',0,'Versamune','GO003'),('44072184365','Walker Stewart','MASCULINO','1951-04-18','2021-02-16','2021-03-22',1,'AstraZeneca','RJ002'),('44358885039','Davis Key','FEMININO','2008-02-13','2021-03-07','2021-03-21',0,'Johnson&Johnson','BH001'),('44570398296','Carol Marks','FEMININO','1939-04-09','2021-03-06','2021-03-26',0,'AstraZeneca','RJ003'),('44813585167','Austin Carey','FEMININO','1903-12-11','2021-03-07','2021-03-22',1,'CoronaVac','RJ001'),('44833619978','Ivor Cummings','MASCULINO','1956-11-04','2021-02-22','2021-03-25',0,'CoronaVac','BH001'),('44899739757','Hedda Daugherty','OUTRO','1902-12-31','2021-03-09','2021-03-21',0,'Pfizer','SP002'),('44946980982','Paloma Vinson','OUTRO','1979-03-09','2021-03-02','2021-03-22',0,'Versamune','BH001'),('45266642286','Odette Kim','FEMININO','1941-06-15','2021-02-21','2021-03-27',1,'AstraZeneca','GO002'),('45389741014','Alisa Mcclure','MASCULINO','2001-12-31','2021-03-19','2021-03-26',1,'Pfizer','SP003'),('45438125728','Burke Stafford','OUTRO','1906-02-17','2021-02-28','2021-03-27',1,'CoronaVac','RJ003'),('45537816460','McKenzie Fox','MASCULINO','1916-01-31','2021-03-18','2021-03-21',0,'Johnson&Johnson','BH002'),('45626381424','Mariko Velasquez','OUTRO','1912-09-04','2021-02-09','2021-03-23',1,'Johnson&Johnson','SA003'),('45677401210','Caleb Higgins','OUTRO','1982-06-05','2021-03-07','2021-03-27',0,'Johnson&Johnson','BH003'),('45891029439','Desiree Potts','OUTRO','1999-07-17','2021-02-19','2021-03-24',0,'Johnson&Johnson','GO003'),('45906329140','Garth Bolton','FEMININO','1922-12-07','2021-02-11','2021-03-23',0,'Versamune','SA001'),('45932632645','Calvin Mcdowell','OUTRO','1941-06-15','2021-01-01','2021-03-27',0,'Johnson&Johnson','RJ002'),('46168549821','Alice Waller','MASCULINO','1932-01-23','2021-01-11','2021-03-27',1,'AstraZeneca','SA003'),('46217075341','Linda Carey','OUTRO','2016-01-10','2021-01-01','2021-03-21',1,'Johnson&Johnson','BH003'),('46232359605','Gillian Kim','MASCULINO','1974-05-07','2021-03-15','2021-03-25',1,'Pfizer','SA001'),('46333977480','Kylynn Evans','OUTRO','1914-01-12','2021-02-04','2021-03-23',0,'Butanvac','SA001'),('46510956442','Lamar Suarez','OUTRO','1930-03-09','2021-02-18','2021-03-21',0,'AstraZeneca','RJ002'),('46565310701','Cheyenne Case','FEMININO','1914-09-02','2021-03-08','2021-03-21',1,'Butanvac','RJ001'),('46587239232','Aaron Coffey','MASCULINO','1964-01-27','2021-01-30','2021-03-21',1,'AstraZeneca','BH002'),('46711584363','Jason Powell','OUTRO','1928-02-06','2021-01-23','2021-03-26',1,'Butanvac','SA003'),('47057753181','Blossom Levy','FEMININO','1948-12-24','2021-03-23','2021-03-22',0,'Versamune','BH002'),('47096610382','Colleen Martin','MASCULINO','1948-06-18','2021-01-14','2021-03-21',1,'AstraZeneca','SP001'),('47187378346','Alexander Burgess','OUTRO','1951-12-10','2021-03-15','2021-03-23',1,'Johnson&Johnson','SP001'),('47420135991','Emma Chandler','OUTRO','1912-12-17','2021-02-05','2021-03-23',0,'Butanvac','RJ002'),('47575125462','Rooney Rasmussen','FEMININO','1937-12-03','2021-03-15','2021-03-24',0,'Pfizer','SA002'),('47601197879','Jada Stout','MASCULINO','2019-10-09','2021-01-28','2021-03-24',1,'Pfizer','SP003'),('47676541415','Aline Barrett','MASCULINO','1988-10-04','2021-03-12','2021-03-21',0,'Butanvac','BH001'),('47680958231','Connor Gaines','MASCULINO','1976-10-17','2021-01-25','2021-03-27',0,'Pfizer','RJ002'),('47707345745','Uriel Potter','MASCULINO','2002-12-23','2021-01-21','2021-03-22',1,'SputnikV','SA003'),('47805371281','Piper Horton','FEMININO','1959-10-20','2021-02-24','2021-03-26',0,'Versamune','BH002'),('47815568757','Olivia Faulkner','OUTRO','1996-09-09','2021-03-21','2021-03-24',0,'Johnson&Johnson','GO003'),('47850505514','Basia Levine','MASCULINO','1949-08-18','2021-02-02','2021-03-26',0,'Johnson&Johnson','RJ001'),('47919545575','Isaiah Mcconnell','MASCULINO','1981-03-22','2021-03-15','2021-03-26',0,'CoronaVac','GO002'),('47931765137','Ryan Wells','OUTRO','1952-11-23','2021-03-04','2021-03-24',0,'AstraZeneca','RJ002'),('48043472205','Yolanda Lynn','OUTRO','1962-07-31','2021-03-01','2021-03-22',0,'Butanvac','GO003'),('48128666828','Illana Cortez','MASCULINO','1905-10-09','2021-01-07','2021-03-23',1,'Versamune','SA001'),('48249602219','Priscilla Gardner','FEMININO','1992-05-28','2021-01-23','2021-03-25',1,'Versamune','SA003'),('48411672376','Rachel Fowler','OUTRO','1993-03-09','2021-02-21','2021-03-26',0,'Johnson&Johnson','RJ002'),('48424387553','Winter Moran','MASCULINO','1903-10-18','2021-01-11','2021-03-24',1,'SputnikV','SP001'),('48432203014','Angelica Alston','FEMININO','1960-11-27','2021-02-10','2021-03-27',0,'AstraZeneca','GO002'),('48529987864','Glenna Rollins','OUTRO','1902-04-07','2021-03-19','2021-03-25',1,'Butanvac','BH001'),('48565109475','Abdul Pace','OUTRO','2004-01-29','2021-01-28','2021-03-22',0,'SputnikV','BH002'),('48719592004','Rana Hooper','MASCULINO','1961-01-20','2021-01-27','2021-03-23',1,'Johnson&Johnson','GO002'),('49025997814','Kathleen Cotton','OUTRO','2018-02-10','2021-02-06','2021-03-21',0,'Versamune','GO002'),('49062783323','Alyssa Mosley','OUTRO','1973-01-20','2021-02-17','2021-03-27',1,'Pfizer','SP002'),('49068573386','Anthony Douglas','MASCULINO','1983-03-01','2021-03-25','2021-03-27',0,'SputnikV','GO002'),('49171678573','Kasimir Tyler','FEMININO','1936-08-10','2021-02-07','2021-03-24',0,'SputnikV','BH001'),('49195386072','Merrill Tillman','MASCULINO','1900-03-22','2021-02-26','2021-03-22',0,'SputnikV','BH001'),('49256714345','Zeph Fuentes','MASCULINO','1922-08-25','2021-03-17','2021-03-24',0,'Pfizer','BH003'),('49377456430','Gisela Saunders','OUTRO','1964-10-16','2021-02-28','2021-03-26',0,'Butanvac','GO001'),('49411746700','Eve Dalton','OUTRO','1912-09-07','2021-02-14','2021-03-25',1,'Pfizer','SA003'),('49921862478','Tucker Case','FEMININO','1929-06-18','2021-01-23','2021-03-21',0,'Pfizer','GO003'),('50023590003','Indigo Ryan','OUTRO','1949-11-26','2021-03-14','2021-03-25',1,'CoronaVac','GO003'),('50038073940','Rooney Potts','FEMININO','1976-09-20','2021-01-27','2021-03-23',0,'Pfizer','SP001'),('50170308090','Cassandra Snider','MASCULINO','1970-12-09','2021-02-09','2021-03-25',0,'CoronaVac','SP001'),('50178745847','Danielle Brady','FEMININO','1915-12-20','2021-03-22','2021-03-26',0,'SputnikV','SA001'),('50208245884','Laurel Burns','MASCULINO','1907-01-11','2021-02-01','2021-03-23',1,'Versamune','RJ001'),('50279382373','Margaret Dotson','MASCULINO','1918-09-05','2021-01-28','2021-03-27',0,'Versamune','BH002'),('50535140041','Bo Rivera','OUTRO','2012-07-04','2021-01-31','2021-03-27',0,'Versamune','RJ002'),('50554803854','Galvin Pennington','FEMININO','1947-01-05','2021-02-15','2021-03-21',1,'Versamune','BH003'),('50793210565','Lois Lyons','FEMININO','1925-09-22','2021-03-09','2021-03-26',1,'Versamune','GO003'),('50796889109','Mia Foster','MASCULINO','1965-02-11','2021-01-31','2021-03-23',0,'Butanvac','SA001'),('50895021512','Cynthia Cash','MASCULINO','1941-07-25','2021-01-31','2021-03-27',0,'Versamune','BH002'),('50900831915','Dora Taylor','MASCULINO','1997-05-04','2021-03-01','2021-03-21',0,'SputnikV','BH002'),('50913928001','Lester Clarke','MASCULINO','1901-07-16','2021-03-17','2021-03-26',0,'AstraZeneca','BH001'),('51040244547','Rama Fischer','MASCULINO','2006-12-25','2021-02-15','2021-03-22',0,'AstraZeneca','BH003'),('51141637359','Uriel Ashley','FEMININO','1909-01-10','2021-02-27','2021-03-21',1,'Pfizer','SP003'),('51475995317','Aimee Jackson','MASCULINO','2009-03-24','2021-02-08','2021-03-25',1,'SputnikV','SA001'),('51486812701','Deirdre Hebert','FEMININO','1976-12-27','2021-03-09','2021-03-21',0,'Pfizer','SA002'),('51618698576','Sierra Chandler','FEMININO','1980-11-20','2021-03-10','2021-03-25',0,'CoronaVac','GO003'),('51649577677','Addison Graham','OUTRO','1965-10-23','2021-01-06','2021-03-23',0,'SputnikV','SA003'),('51675199861','Rahim Battle','MASCULINO','2015-05-22','2021-01-08','2021-03-27',0,'SputnikV','SA003'),('51713225760','Martha Santana','MASCULINO','1947-09-15','2021-02-03','2021-03-24',1,'SputnikV','GO003'),('51796631681','Alice Henry','MASCULINO','1926-03-31','2021-03-19','2021-03-27',0,'Butanvac','BH001'),('51893417156','Kamal Gray','MASCULINO','2002-02-20','2021-03-01','2021-03-26',0,'Versamune','SA001'),('51896186967','Kylee Sherman','OUTRO','2001-04-07','2021-01-16','2021-03-21',0,'Pfizer','SP002'),('51897879321','Brenda Morrow','MASCULINO','1924-07-03','2021-02-23','2021-03-25',1,'AstraZeneca','GO003'),('52150895696','Jonah Clarke','FEMININO','1915-01-26','2021-02-23','2021-03-23',0,'Pfizer','SA001'),('52241339824','Myra Fry','OUTRO','1965-09-21','2021-03-16','2021-03-27',1,'CoronaVac','RJ002'),('52302101278','Zena English','FEMININO','1941-10-07','2021-02-05','2021-03-25',0,'AstraZeneca','BH001'),('52406307743','Neville Snider','MASCULINO','1914-07-29','2021-02-09','2021-03-24',0,'CoronaVac','GO003'),('52480724009','Carla Delaney','MASCULINO','1909-07-22','2021-03-04','2021-03-23',1,'Butanvac','BH002'),('52640948631','Neil Boyd','FEMININO','1981-05-21','2021-01-19','2021-03-26',0,'Butanvac','SP002'),('52776543394','Oscar Hays','FEMININO','2012-03-17','2021-03-26','2021-03-22',0,'Versamune','BH001'),('52823916449','Phillip Banks','OUTRO','1929-01-23','2021-01-12','2021-03-21',0,'AstraZeneca','BH002'),('53263370238','Basil Nielsen','OUTRO','1915-02-10','2021-01-11','2021-03-25',1,'Butanvac','GO002'),('53312337463','Angelica Travis','FEMININO','1911-06-09','2021-01-11','2021-03-21',0,'CoronaVac','RJ002'),('53526930484','Lavinia Tillman','OUTRO','1996-06-17','2021-02-07','2021-03-26',1,'Versamune','SA002'),('53673540520','Magee Black','FEMININO','1919-04-12','2021-02-17','2021-03-23',1,'SputnikV','SA001'),('53690073273','Ramona Rush','MASCULINO','1935-12-16','2021-01-12','2021-03-24',1,'Pfizer','GO001'),('53967952717','Roanna Mcknight','MASCULINO','1929-01-26','2021-01-24','2021-03-26',1,'Versamune','SA001'),('54319016262','Irene Phillips','FEMININO','1923-03-10','2021-01-08','2021-03-23',1,'CoronaVac','RJ003'),('54497299748','Caryn Kim','FEMININO','1990-04-15','2021-02-10','2021-03-23',0,'Johnson&Johnson','SA002'),('54515850082','Griffith Hill','OUTRO','2007-01-10','2021-01-04','2021-03-27',1,'AstraZeneca','GO003'),('54708389536','Erich Logan','MASCULINO','2018-05-12','2021-03-16','2021-03-23',1,'Butanvac','SP001'),('54818025519','Jasmine Jensen','FEMININO','2005-03-28','2021-02-02','2021-03-25',1,'CoronaVac','RJ001'),('54835687517','Fuller Nielsen','OUTRO','1971-09-08','2021-01-14','2021-03-22',0,'Johnson&Johnson','GO002'),('55518954069','Iona Carroll','FEMININO','2002-01-02','2021-03-23','2021-03-23',1,'Pfizer','BH003'),('55525725602','Adrienne Moore','FEMININO','1960-01-10','2021-03-07','2021-03-26',0,'AstraZeneca','RJ001'),('55635436773','Ingrid Weaver','MASCULINO','1923-04-11','2021-03-17','2021-03-23',0,'SputnikV','BH001'),('55752689915','Cyrus Townsend','FEMININO','2009-06-28','2021-01-19','2021-03-24',1,'AstraZeneca','BH002'),('55860140405','Akeem Patel','MASCULINO','1982-02-05','2021-02-09','2021-03-24',1,'AstraZeneca','GO003'),('56270165609','Keely Barron','FEMININO','1947-03-10','2021-03-19','2021-03-23',0,'AstraZeneca','BH001'),('56297342443','Kareem Hester','FEMININO','1914-08-22','2021-01-17','2021-03-27',0,'CoronaVac','SP002'),('56424503665','Guy Walton','OUTRO','1940-09-25','2021-03-20','2021-03-27',1,'AstraZeneca','SA001'),('56468268207','Salvador Sheppard','MASCULINO','2013-07-04','2021-01-07','2021-03-25',1,'SputnikV','SP001'),('56478565665','Lewis Gay','FEMININO','1990-12-19','2021-02-11','2021-03-22',0,'Pfizer','SA002'),('56491747592','Tatyana Duran','MASCULINO','1943-11-05','2021-03-11','2021-03-21',0,'Butanvac','RJ002'),('56495626270','Denton Bradford','OUTRO','1935-03-14','2021-03-12','2021-03-27',0,'Johnson&Johnson','SA003'),('56807675449','Deanna Hernandez','MASCULINO','1954-11-26','2021-02-27','2021-03-26',0,'CoronaVac','GO003'),('56888700629','Abdul Serrano','FEMININO','1913-08-03','2021-02-26','2021-03-26',1,'Pfizer','BH003'),('56901878630','Demetrius Ashley','MASCULINO','1951-03-08','2021-02-16','2021-03-27',1,'Butanvac','RJ002'),('56996049382','Brent Robinson','MASCULINO','1907-05-12','2021-01-27','2021-03-25',1,'Butanvac','SA002'),('57004751375','Dominic Mcmillan','MASCULINO','2014-02-22','2021-03-10','2021-03-23',1,'Versamune','BH003'),('57081394405','Erich Leblanc','FEMININO','1967-05-06','2021-03-05','2021-03-25',1,'Versamune','GO003'),('57081896272','Kirsten Mueller','FEMININO','1938-03-29','2021-01-19','2021-03-21',1,'Pfizer','SA002'),('57159439871','Denise Russo','MASCULINO','1958-11-21','2021-01-22','2021-03-26',1,'Pfizer','BH001'),('57267482760','Rooney Williamson','MASCULINO','1970-04-04','2021-02-09','2021-03-24',0,'Pfizer','GO001'),('57369385118','Amal Carter','OUTRO','1903-10-04','2021-03-07','2021-03-26',1,'CoronaVac','SP002'),('57501211088','Keely Kaufman','MASCULINO','1919-02-02','2021-01-24','2021-03-22',0,'Johnson&Johnson','GO002'),('57640386579','Deborah Galloway','MASCULINO','2019-08-21','2021-03-12','2021-03-23',0,'SputnikV','SA003'),('57713137099','Garrett Carpenter','FEMININO','1954-12-08','2021-02-22','2021-03-23',0,'Versamune','SP002'),('57744505321','Dean Christian','OUTRO','1945-12-29','2021-03-10','2021-03-27',0,'Butanvac','SA001'),('57890769779','Eleanor Blankenship','OUTRO','1987-02-10','2021-01-31','2021-03-24',1,'Butanvac','SA001'),('57941439944','Alice Pierce','FEMININO','1958-03-02','2021-02-23','2021-03-27',0,'CoronaVac','GO001'),('58016522210','Vera Marshall','MASCULINO','1914-01-19','2021-01-02','2021-03-24',1,'Versamune','SP003'),('58145435597','Rajah Pearson','OUTRO','2017-05-09','2021-02-25','2021-03-24',0,'Johnson&Johnson','RJ003'),('58199744881','Wilma Harding','OUTRO','1931-07-28','2021-02-12','2021-03-23',0,'Johnson&Johnson','BH002'),('58336017899','Bevis Morse','MASCULINO','1963-01-04','2021-03-23','2021-03-25',1,'Johnson&Johnson','BH001'),('58342241262','Hasad Mccall','FEMININO','1940-09-06','2021-01-28','2021-03-25',1,'CoronaVac','GO002'),('58378285221','Priscilla Romero','MASCULINO','1945-11-19','2021-03-18','2021-03-23',1,'AstraZeneca','GO003'),('58441124897','Demetrius Sparks','FEMININO','1987-10-24','2021-03-19','2021-03-21',0,'Johnson&Johnson','GO002'),('58531896953','Caryn Castaneda','OUTRO','1960-02-03','2021-01-03','2021-03-21',0,'Johnson&Johnson','RJ003'),('58564351779','Brenden Dominguez','OUTRO','1993-11-27','2021-01-19','2021-03-21',1,'Butanvac','SP003'),('58613427802','Rose Powell','OUTRO','1909-12-03','2021-01-18','2021-03-25',0,'CoronaVac','GO001'),('58737678399','Fitzgerald Tanner','MASCULINO','1991-12-18','2021-01-26','2021-03-23',1,'CoronaVac','BH003'),('58750083160','Lisandra Bauer','OUTRO','1939-03-25','2021-03-01','2021-03-21',0,'AstraZeneca','BH003'),('59132561201','Nicole Levy','FEMININO','1986-05-15','2021-03-15','2021-03-21',0,'Johnson&Johnson','RJ003'),('59142169290','Illiana Dunn','MASCULINO','2004-11-30','2021-02-14','2021-03-25',0,'Johnson&Johnson','SP001'),('59148528278','Zeph Fernandez','FEMININO','1950-10-23','2021-03-26','2021-03-26',1,'AstraZeneca','SP001'),('59155712457','Keegan Hendricks','MASCULINO','1943-08-04','2021-02-03','2021-03-27',0,'Versamune','SA002'),('59283019937','Adrienne William','FEMININO','1950-11-22','2021-03-24','2021-03-23',0,'Johnson&Johnson','SP003'),('59318825160','Bruce Miller','MASCULINO','1998-12-29','2021-01-04','2021-03-22',0,'Johnson&Johnson','SA002'),('59341171856','Roanna Young','MASCULINO','2001-11-24','2021-02-22','2021-03-22',1,'Butanvac','SA001'),('59357488297','Brittany Aguirre','FEMININO','2011-05-07','2021-01-31','2021-03-24',1,'CoronaVac','SA001'),('59463539331','Whitney Bernard','FEMININO','2008-02-26','2021-02-25','2021-03-21',1,'AstraZeneca','SP003'),('59533572350','John Vega','FEMININO','1978-04-21','2021-03-13','2021-03-22',0,'Versamune','BH002'),('59600073071','Jarrod Francis','MASCULINO','1908-08-02','2021-02-15','2021-03-22',1,'Butanvac','SA001'),('59738573923','Hammett Holder','MASCULINO','1928-09-02','2021-01-07','2021-03-26',1,'Butanvac','GO003'),('59765412824','Hedda Ortiz','FEMININO','1980-02-19','2021-03-02','2021-03-24',0,'Johnson&Johnson','RJ001'),('59951956429','Yvonne Davidson','MASCULINO','1996-12-09','2021-01-15','2021-03-25',1,'Johnson&Johnson','RJ003'),('60098364221','Norman Hines','FEMININO','1936-07-25','2021-03-18','2021-03-23',1,'AstraZeneca','BH001'),('60178091451','Sebastian Dejesus','OUTRO','1932-07-01','2021-03-17','2021-03-22',0,'Butanvac','RJ003'),('60254108231','Kuame Shaffer','FEMININO','1903-07-13','2021-03-03','2021-03-22',1,'Versamune','SP003'),('60272349174','Olga Wilder','FEMININO','1985-06-13','2021-02-13','2021-03-24',1,'AstraZeneca','SA001'),('60339393203','Berk Leach','FEMININO','2004-09-07','2021-03-17','2021-03-23',1,'Johnson&Johnson','SA003'),('60622689653','Arden Patrick','MASCULINO','1920-10-02','2021-01-03','2021-03-26',0,'CoronaVac','RJ003'),('60837338447','Cheyenne Gates','OUTRO','1979-12-01','2021-02-28','2021-03-23',0,'Butanvac','GO001'),('60840139364','Alea Freeman','MASCULINO','2006-03-19','2021-03-14','2021-03-24',1,'Versamune','RJ002'),('60868872341','Calista Gilmore','OUTRO','1919-07-31','2021-03-25','2021-03-21',1,'AstraZeneca','GO003'),('60982393539','Kitra Simmons','MASCULINO','2017-08-24','2021-02-20','2021-03-21',1,'AstraZeneca','SA002'),('61236926305','Larissa Woods','MASCULINO','1986-12-24','2021-03-16','2021-03-22',1,'AstraZeneca','GO003'),('61272174477','Summer Gibbs','FEMININO','1980-03-06','2021-01-12','2021-03-24',0,'Johnson&Johnson','GO001'),('61350235895','Kylie Ortiz','OUTRO','1915-01-02','2021-02-26','2021-03-25',1,'SputnikV','BH003'),('61443659246','Courtney Morrison','MASCULINO','1967-04-01','2021-02-04','2021-03-25',1,'Versamune','RJ001'),('61586970792','Anastasia Cash','MASCULINO','1942-08-05','2021-02-26','2021-03-22',1,'CoronaVac','SP002'),('61617909841','Patience Livingston','OUTRO','2002-03-07','2021-02-16','2021-03-24',1,'Pfizer','RJ001'),('61911620098','Ulysses Paul','FEMININO','2000-06-08','2021-02-06','2021-03-26',1,'AstraZeneca','SA001'),('62094873892','Eve Burt','OUTRO','1957-04-24','2021-03-03','2021-03-22',1,'Butanvac','RJ002'),('62260805050','Jayme Vincent','FEMININO','1938-12-16','2021-01-02','2021-03-24',1,'SputnikV','GO001'),('62320579674','Orlando Herrera','OUTRO','1973-11-09','2021-02-23','2021-03-23',1,'Butanvac','RJ001'),('62402868169','Jorden Prince','MASCULINO','1929-04-07','2021-01-15','2021-03-25',1,'CoronaVac','SP002'),('62460909822','MacKensie Ellison','FEMININO','2010-11-17','2021-03-04','2021-03-21',0,'Versamune','GO003'),('62515124903','Stone Eaton','FEMININO','1960-06-16','2021-01-04','2021-03-24',0,'Butanvac','GO003'),('62629560991','Rina Hogan','OUTRO','1929-08-27','2021-03-25','2021-03-23',1,'SputnikV','GO001'),('62670813911','Dawn Lester','MASCULINO','1976-04-23','2021-02-07','2021-03-22',0,'Johnson&Johnson','GO001'),('62710270678','Gavin Everett','MASCULINO','1991-12-31','2021-01-06','2021-03-26',1,'Versamune','SA002'),('62798319870','Kareem Molina','MASCULINO','1950-05-28','2021-03-07','2021-03-22',1,'CoronaVac','RJ002'),('62994003531','Avram Lester','FEMININO','1986-02-16','2021-01-31','2021-03-26',0,'AstraZeneca','SA002'),('62995126315','Karen Buckley','MASCULINO','1970-07-13','2021-01-01','2021-03-26',0,'Butanvac','SP003'),('63086692662','Imelda Pratt','OUTRO','1939-04-05','2021-02-09','2021-03-24',0,'Johnson&Johnson','BH002'),('63113748273','Jermaine Schultz','FEMININO','1924-02-08','2021-03-10','2021-03-27',1,'CoronaVac','GO003'),('63157299861','Timothy Wilder','FEMININO','1902-10-16','2021-02-09','2021-03-27',1,'Versamune','RJ003'),('63277324017','Hasad Barnes','FEMININO','1911-12-15','2021-02-01','2021-03-22',1,'AstraZeneca','RJ003'),('63373243055','Wyoming Vazquez','OUTRO','1941-01-13','2021-01-01','2021-03-27',0,'AstraZeneca','SP002'),('63756634206','Erica Peters','OUTRO','1945-05-06','2021-03-22','2021-03-21',1,'Versamune','BH002'),('63803303669','Zelda Forbes','FEMININO','1934-05-06','2021-02-18','2021-03-23',0,'Butanvac','BH002'),('63895977940','Maile Meyers','OUTRO','1921-11-18','2021-03-03','2021-03-22',1,'AstraZeneca','RJ003'),('63946597269','Alexa Potter','OUTRO','1958-06-10','2021-03-07','2021-03-23',1,'AstraZeneca','SA001'),('64002072336','Christopher Hill','OUTRO','1900-05-05','2021-01-12','2021-03-26',0,'CoronaVac','RJ002'),('64173088370','Amelia Morse','MASCULINO','1932-07-05','2021-03-02','2021-03-22',1,'Versamune','GO001'),('64211711952','Katell Zimmerman','MASCULINO','1916-08-28','2021-03-13','2021-03-27',0,'SputnikV','BH002'),('64275143520','Luke Castro','FEMININO','1930-05-03','2021-01-16','2021-03-27',0,'Butanvac','SP002'),('64300181081','Bert Thomas','OUTRO','1959-11-12','2021-02-22','2021-03-27',0,'Pfizer','BH002'),('64380390488','Hollee Harris','OUTRO','1924-02-06','2021-01-15','2021-03-26',1,'Versamune','RJ001'),('64386851773','Chloe Lott','FEMININO','1998-04-01','2021-02-11','2021-03-25',1,'Pfizer','RJ001'),('64484325377','Zachary Whitaker','OUTRO','1913-06-07','2021-02-27','2021-03-24',1,'Versamune','RJ002'),('64498706189','Shaine Holland','MASCULINO','1929-02-02','2021-03-03','2021-03-21',1,'Butanvac','BH001'),('64562823719','Slade Flynn','FEMININO','2002-09-15','2021-03-21','2021-03-21',1,'Pfizer','SP002'),('64620859410','Eliana Marsh','FEMININO','2017-12-27','2021-03-05','2021-03-24',1,'Johnson&Johnson','BH002'),('64808428493','Melinda Serrano','MASCULINO','1938-01-19','2021-03-26','2021-03-23',1,'CoronaVac','RJ003'),('65012099461','Ivana Estrada','OUTRO','1900-07-14','2021-01-04','2021-03-24',0,'Johnson&Johnson','BH003'),('65020685682','Orlando Horn','FEMININO','1931-01-16','2021-02-26','2021-03-22',0,'AstraZeneca','SP003'),('65181371912','Sharon Farley','OUTRO','1954-10-12','2021-03-23','2021-03-23',0,'AstraZeneca','SP001'),('65271783819','Yuri Compton','MASCULINO','2004-09-22','2021-03-11','2021-03-23',0,'SputnikV','BH003'),('65334789072','Plato Rutledge','FEMININO','1901-05-15','2021-02-14','2021-03-25',0,'CoronaVac','SP003'),('65430194145','Fritz Stevenson','FEMININO','1934-01-28','2021-02-28','2021-03-24',1,'Butanvac','SP003'),('65479255213','Kenneth Ruiz','MASCULINO','1903-12-11','2021-02-08','2021-03-27',1,'Johnson&Johnson','SA002'),('65666819103','Amber Frye','OUTRO','1955-08-26','2021-03-15','2021-03-22',0,'CoronaVac','BH001'),('65735336813','Troy Anderson','FEMININO','1912-06-05','2021-01-11','2021-03-24',1,'Butanvac','BH003'),('65747713520','Wilma Chavez','MASCULINO','1902-07-11','2021-02-19','2021-03-21',1,'SputnikV','SP003'),('65771261828','Rajah Nicholson','OUTRO','1968-07-24','2021-03-23','2021-03-22',1,'Pfizer','SA003'),('65853220889','Colt Wilson','MASCULINO','1910-01-23','2021-03-01','2021-03-21',1,'SputnikV','SP003'),('65881324195','Harper Oconnor','FEMININO','2001-05-01','2021-02-11','2021-03-25',0,'Versamune','GO002'),('65884356535','Elaine Yates','FEMININO','1940-08-26','2021-01-02','2021-03-27',1,'CoronaVac','BH002'),('65898137552','Maxwell Chen','FEMININO','2001-02-06','2021-02-12','2021-03-23',1,'SputnikV','GO002'),('66032887171','Griffin Robertson','FEMININO','1946-08-26','2021-03-06','2021-03-21',0,'SputnikV','SA002'),('66179796769','Sebastian Gordon','OUTRO','1930-04-21','2021-02-13','2021-03-24',0,'SputnikV','SA003'),('66418514772','Yvonne Neal','OUTRO','1971-12-06','2021-01-01','2021-03-24',1,'AstraZeneca','GO003'),('66439248489','Rinah Compton','OUTRO','2017-01-28','2021-01-12','2021-03-26',0,'Versamune','SP001'),('66444889454','Kimberley Cohen','MASCULINO','1983-01-25','2021-03-20','2021-03-24',1,'Pfizer','RJ002'),('66572080298','Justina Ortega','FEMININO','1962-02-11','2021-01-15','2021-03-21',1,'Pfizer','BH001'),('66685456811','Ethan Logan','FEMININO','1931-05-20','2021-02-02','2021-03-27',0,'Butanvac','GO001'),('66733768105','Pandora Ellison','OUTRO','2010-06-25','2021-03-24','2021-03-26',0,'Johnson&Johnson','SP002'),('66741189674','Adena Faulkner','MASCULINO','1975-09-07','2021-03-11','2021-03-25',1,'Pfizer','SP002'),('66899974979','Alexandra Black','FEMININO','1983-11-11','2021-01-22','2021-03-27',0,'Versamune','SA001'),('66913504551','Skyler Rhodes','FEMININO','1961-06-07','2021-02-24','2021-03-21',1,'CoronaVac','SP001'),('66924954411','Katell Barlow','MASCULINO','2012-02-02','2021-02-01','2021-03-22',0,'Versamune','BH001'),('66959676008','Ocean Reynolds','OUTRO','1980-01-02','2021-03-26','2021-03-22',0,'Johnson&Johnson','SA001'),('66969881347','Hiram Kelly','FEMININO','1917-08-14','2021-02-28','2021-03-27',1,'CoronaVac','GO002'),('67122760157','Wesley Mendoza','OUTRO','1975-12-20','2021-02-02','2021-03-22',0,'Versamune','SP003'),('67153542357','Victor Sears','MASCULINO','1976-04-04','2021-01-28','2021-03-23',0,'Pfizer','SA002'),('67286745922','Arsenio Tillman','OUTRO','1996-04-28','2021-03-16','2021-03-27',0,'Johnson&Johnson','BH003'),('67292476931','April Cruz','OUTRO','1938-12-03','2021-02-12','2021-03-24',1,'Versamune','RJ002'),('67325607469','Elliott Baird','OUTRO','2008-01-27','2021-01-22','2021-03-21',1,'AstraZeneca','RJ001'),('67371674981','Bruce Ewing','OUTRO','1964-11-14','2021-03-16','2021-03-26',0,'Versamune','RJ003'),('67436178483','Kimberley Branch','FEMININO','1927-11-15','2021-02-14','2021-03-22',0,'SputnikV','SA002'),('67563833170','Ciaran Casey','OUTRO','1955-08-06','2021-01-25','2021-03-23',0,'Versamune','RJ003'),('67629524330','Theodore Delacruz','MASCULINO','2002-09-13','2021-02-14','2021-03-22',1,'AstraZeneca','SP002'),('67983811572','Pandora Morin','MASCULINO','1927-05-03','2021-03-04','2021-03-21',1,'Pfizer','RJ003'),('67997502944','Daniel Santos','FEMININO','1949-08-15','2021-03-15','2021-03-26',0,'Versamune','RJ002'),('68010016651','Madonna Harvey','OUTRO','1988-07-02','2021-03-10','2021-03-21',1,'Versamune','SP002'),('68171553526','Chelsea Powell','FEMININO','1917-02-16','2021-01-11','2021-03-21',0,'SputnikV','SA002'),('68545701362','Jakeem Knox','MASCULINO','1964-01-06','2021-03-20','2021-03-21',1,'Johnson&Johnson','GO003'),('68684953772','Leilani Bailey','MASCULINO','1917-02-24','2021-03-06','2021-03-26',0,'Johnson&Johnson','RJ001'),('68707489523','Natalie Dennis','FEMININO','1936-12-25','2021-01-25','2021-03-25',1,'Pfizer','SP003'),('68748204495','Sierra Mccall','FEMININO','1962-01-03','2021-02-09','2021-03-26',0,'SputnikV','BH002'),('68818921973','Nero England','MASCULINO','1961-09-13','2021-02-28','2021-03-26',1,'Pfizer','GO003'),('68837967361','Reese Buckley','MASCULINO','1951-06-12','2021-02-22','2021-03-26',1,'Versamune','SP001'),('68909678652','Charissa Cantrell','MASCULINO','1916-10-28','2021-01-22','2021-03-22',0,'Pfizer','SP001'),('69106162799','Fletcher Ochoa','OUTRO','1993-08-30','2021-01-22','2021-03-26',1,'Pfizer','SA003'),('69157420670','Chancellor Phelps','MASCULINO','2015-04-10','2021-01-14','2021-03-21',1,'CoronaVac','BH003'),('69292725076','Chanda Valenzuela','FEMININO','1943-07-12','2021-03-21','2021-03-26',1,'CoronaVac','GO001'),('69430095132','Eve Lewis','FEMININO','1984-03-22','2021-02-13','2021-03-23',1,'SputnikV','RJ001'),('69441995783','Ulric Kennedy','OUTRO','1963-03-13','2021-01-01','2021-03-25',0,'Versamune','RJ002'),('69469038736','Jillian Weeks','OUTRO','1913-02-22','2021-02-02','2021-03-27',0,'SputnikV','RJ001'),('69634022433','Cassidy Cox','MASCULINO','1970-10-24','2021-03-05','2021-03-26',1,'AstraZeneca','SP003'),('69634072848','Chelsea Finley','MASCULINO','2009-03-04','2021-03-05','2021-03-21',0,'Pfizer','SP002'),('69693611724','Abraham Galloway','OUTRO','1906-06-20','2021-01-13','2021-03-25',0,'Versamune','SA001'),('69716796870','John Talley','MASCULINO','1934-01-12','2021-03-25','2021-03-23',0,'Butanvac','BH003'),('69912783354','Wang Chaney','MASCULINO','1973-05-18','2021-01-11','2021-03-26',1,'Pfizer','BH003'),('70031131651','Alden Abbott','OUTRO','1935-05-03','2021-02-25','2021-03-27',0,'Johnson&Johnson','SP002'),('70164032773','Kelly Harmon','OUTRO','1989-11-29','2021-02-17','2021-03-27',1,'AstraZeneca','RJ003'),('70475338934','Eagan Bright','MASCULINO','2015-02-15','2021-01-13','2021-03-21',0,'Johnson&Johnson','GO001'),('70679322196','Damon Britt','OUTRO','1985-09-09','2021-03-02','2021-03-26',0,'SputnikV','BH001'),('70707596363','Jacob Mcmillan','MASCULINO','2007-03-15','2021-02-15','2021-03-25',0,'SputnikV','SP002'),('70809431525','Hammett Reed','OUTRO','1929-12-12','2021-03-07','2021-03-23',0,'Versamune','SA001'),('70884988706','Glenna Gill','OUTRO','1948-06-04','2021-01-25','2021-03-22',0,'Johnson&Johnson','SP001'),('70931905505','Jessamine Tucker','FEMININO','2015-01-04','2021-02-28','2021-03-23',0,'Butanvac','GO003'),('70981755353','Buffy Pace','MASCULINO','1900-04-19','2021-03-07','2021-03-26',1,'Butanvac','RJ001'),('71340666723','Leonard Cantu','MASCULINO','1978-06-02','2021-02-08','2021-03-24',0,'Pfizer','SA002'),('71346158075','Calvin Valenzuela','MASCULINO','1987-06-02','2021-03-04','2021-03-26',0,'Butanvac','SA002'),('71495813626','Leandra Mccray','MASCULINO','1900-08-17','2021-01-21','2021-03-26',1,'Butanvac','RJ003'),('71510649114','Kay Romero','OUTRO','1985-07-14','2021-01-03','2021-03-27',1,'SputnikV','GO003'),('71763702100','Ebony Hatfield','FEMININO','1956-08-05','2021-02-03','2021-03-22',1,'Butanvac','RJ003'),('71797888003','Hedwig Ratliff','MASCULINO','1971-08-02','2021-03-07','2021-03-23',0,'Johnson&Johnson','GO001'),('71814080588','Sybill Bender','FEMININO','1941-12-06','2021-01-25','2021-03-21',1,'Butanvac','RJ001'),('71820188496','Alyssa Rivas','FEMININO','1962-11-17','2021-03-11','2021-03-25',1,'Butanvac','GO001'),('71879111638','Price Pope','MASCULINO','1903-07-14','2021-03-19','2021-03-24',0,'CoronaVac','RJ001'),('71972340586','Ora Benton','OUTRO','2012-08-26','2021-01-20','2021-03-22',1,'AstraZeneca','BH003'),('72088666777','Darius Hampton','OUTRO','1987-02-22','2021-01-12','2021-03-24',1,'CoronaVac','SA001'),('72322646531','Daphne Lindsey','FEMININO','2008-07-21','2021-03-27','2021-03-24',0,'AstraZeneca','SP002'),('72443505982','Ayanna Tran','FEMININO','1908-08-07','2021-03-18','2021-03-27',1,'Johnson&Johnson','SP002'),('72554168305','Irma Dunn','FEMININO','1909-02-23','2021-02-12','2021-03-25',0,'Butanvac','BH002'),('72564097107','Jasper Dejesus','MASCULINO','1974-03-24','2021-03-23','2021-03-27',1,'Versamune','GO001'),('72607013816','Raja Livingston','MASCULINO','1932-11-23','2021-01-26','2021-03-25',1,'Butanvac','SA002'),('72899100075','Lisandra Greer','FEMININO','1919-12-25','2021-01-12','2021-03-22',0,'Johnson&Johnson','SA001'),('72908463980','Galena Dawson','FEMININO','2017-01-25','2021-01-26','2021-03-27',0,'Johnson&Johnson','RJ003'),('73034584916','Regan Cameron','OUTRO','2009-04-25','2021-01-07','2021-03-21',0,'Butanvac','RJ002'),('73495694897','Doris Mcpherson','MASCULINO','1954-06-06','2021-02-25','2021-03-27',1,'SputnikV','SP001'),('73635631243','Cain Young','MASCULINO','1948-12-08','2021-02-14','2021-03-25',0,'Butanvac','SA002'),('73797555712','Regan Benson','FEMININO','2012-05-05','2021-01-24','2021-03-27',1,'Butanvac','SA003'),('73869724903','Yolanda Dunn','OUTRO','1963-05-29','2021-02-11','2021-03-26',0,'Pfizer','RJ001'),('74112018214','Odessa Ruiz','OUTRO','1961-08-25','2021-02-27','2021-03-22',0,'Pfizer','SA003'),('74169262353','Margaret Howe','OUTRO','1903-04-06','2021-02-28','2021-03-25',0,'Versamune','BH002'),('74172940317','Dawn Keith','OUTRO','1975-07-24','2021-01-29','2021-03-23',1,'Butanvac','BH003'),('74222183802','Linus Ashley','MASCULINO','1927-06-14','2021-01-22','2021-03-27',0,'Johnson&Johnson','GO002'),('74379818794','Jena Sears','MASCULINO','2014-06-11','2021-03-03','2021-03-25',0,'Versamune','GO001'),('74565765377','Oliver Beck','MASCULINO','1968-01-20','2021-01-05','2021-03-25',0,'Versamune','BH001'),('74600663148','Nevada Serrano','MASCULINO','1936-06-20','2021-01-17','2021-03-21',1,'SputnikV','RJ003'),('74612125920','Kenyon Gates','MASCULINO','1926-07-15','2021-01-04','2021-03-27',0,'Pfizer','RJ003'),('75019424093','Phoebe Mullen','OUTRO','1966-08-01','2021-03-19','2021-03-26',1,'CoronaVac','SP003'),('75025437821','Zahir Rivers','FEMININO','1959-08-11','2021-01-15','2021-03-26',1,'Pfizer','SA001'),('75053669729','Burke Hodges','OUTRO','1994-08-01','2021-01-22','2021-03-23',0,'Johnson&Johnson','BH001'),('75177934362','Lareina Wise','MASCULINO','2015-04-12','2021-02-07','2021-03-25',0,'AstraZeneca','BH001'),('75313268649','Gay Lowe','FEMININO','1998-11-07','2021-03-15','2021-03-23',1,'CoronaVac','GO001'),('75316730607','Kylie Buck','MASCULINO','1919-11-25','2021-02-09','2021-03-25',1,'Johnson&Johnson','BH003'),('75470496872','Herman Gallegos','MASCULINO','2013-07-31','2021-03-26','2021-03-23',1,'AstraZeneca','SA003'),('75504089696','Emmanuel West','MASCULINO','1908-11-27','2021-03-24','2021-03-23',1,'Butanvac','GO003'),('75520470275','Lois Benjamin','FEMININO','2018-01-10','2021-03-04','2021-03-26',0,'CoronaVac','RJ003'),('75582348405','Driscoll Bird','OUTRO','1989-07-27','2021-01-21','2021-03-22',0,'Versamune','SP001'),('75691505391','Yoshi Bender','FEMININO','1935-06-14','2021-01-18','2021-03-23',0,'CoronaVac','GO001'),('75745077921','Amaya Buck','OUTRO','2004-12-09','2021-01-12','2021-03-22',1,'Versamune','BH003'),('75908878914','Grace Andrews','FEMININO','1900-04-26','2021-01-19','2021-03-27',0,'SputnikV','GO003'),('75912940121','Jerry Gould','MASCULINO','1985-01-16','2021-02-03','2021-03-25',1,'AstraZeneca','BH003'),('76022314227','Karyn Barnett','MASCULINO','1938-11-25','2021-02-26','2021-03-25',0,'AstraZeneca','GO003'),('76058746394','Justine Shelton','MASCULINO','2006-06-11','2021-03-13','2021-03-27',0,'Pfizer','RJ003'),('76161526008','Mason Lane','OUTRO','1914-11-06','2021-01-18','2021-03-21',1,'Johnson&Johnson','RJ001'),('76322509553','Amery Butler','OUTRO','1998-01-22','2021-03-18','2021-03-22',0,'SputnikV','RJ002'),('76389457465','Orlando Zimmerman','FEMININO','1998-10-19','2021-02-13','2021-03-27',0,'CoronaVac','SA002'),('76454292993','Zeus Holden','FEMININO','1955-08-16','2021-01-06','2021-03-24',0,'Versamune','RJ001'),('76807609455','Kato Dickson','FEMININO','1962-11-20','2021-03-08','2021-03-27',0,'Butanvac','RJ003'),('76866779585','Drake Dixon','OUTRO','1960-12-12','2021-02-14','2021-03-24',1,'AstraZeneca','RJ003'),('77190769879','Garth Mclaughlin','OUTRO','1968-04-02','2021-02-06','2021-03-21',1,'Butanvac','SA002'),('77259411934','Mohammad Webb','MASCULINO','1900-05-22','2021-01-18','2021-03-26',0,'SputnikV','GO001'),('77260726390','Emerald Roberts','FEMININO','1909-06-27','2021-01-14','2021-03-22',1,'Versamune','GO003'),('77262392481','Stella Hodge','FEMININO','1912-07-10','2021-03-10','2021-03-22',1,'Butanvac','SA003'),('77527236950','Lareina Carter','FEMININO','1930-02-27','2021-02-25','2021-03-27',1,'AstraZeneca','SP001'),('77565728611','Perry Russo','MASCULINO','1929-02-21','2021-03-18','2021-03-25',0,'Versamune','GO001'),('77578989641','Oren Waller','FEMININO','1992-01-22','2021-01-15','2021-03-21',1,'CoronaVac','GO003'),('77600383206','Sonia Cunningham','MASCULINO','1932-07-22','2021-02-18','2021-03-27',1,'AstraZeneca','SP002'),('77857762905','Jermaine Pierce','OUTRO','1999-01-22','2021-02-28','2021-03-26',1,'SputnikV','RJ001'),('77924009457','Jocelyn Rowe','OUTRO','2003-06-09','2021-02-15','2021-03-24',1,'AstraZeneca','RJ001'),('78180473614','April Hendricks','OUTRO','1943-02-17','2021-03-06','2021-03-27',0,'Butanvac','SA002'),('78372935521','Merrill Hunter','OUTRO','1979-09-12','2021-02-08','2021-03-23',1,'Versamune','SP001'),('78532757612','Chaney Charles','MASCULINO','1927-09-08','2021-01-14','2021-03-25',1,'Versamune','BH003'),('78619864097','Nina Silva','FEMININO','2003-06-24','2021-01-12','2021-03-27',1,'CoronaVac','GO001'),('78708490594','Maia Daniel','MASCULINO','1990-02-19','2021-02-13','2021-03-27',0,'Johnson&Johnson','SA002'),('78878103807','Zachary Christensen','MASCULINO','1946-07-21','2021-02-23','2021-03-22',0,'Pfizer','BH001'),('78896459735','Idona Rios','MASCULINO','1959-08-06','2021-01-25','2021-03-25',1,'Pfizer','GO001'),('79109721974','Armand Head','OUTRO','1916-01-25','2021-03-08','2021-03-24',0,'AstraZeneca','GO002'),('79115043197','Yuri Wall','MASCULINO','1920-01-23','2021-02-22','2021-03-23',0,'CoronaVac','RJ002'),('79136748427','Tanisha Russell','OUTRO','1993-01-18','2021-02-08','2021-03-22',0,'Johnson&Johnson','SA002'),('79303291055','Madison Sawyer','FEMININO','1977-09-25','2021-02-14','2021-03-22',1,'Versamune','GO002'),('79426837207','Camille Mcintosh','FEMININO','1930-01-11','2021-03-13','2021-03-27',1,'Versamune','SP002'),('79554642670','Carly Kemp','FEMININO','1956-06-30','2021-03-23','2021-03-24',0,'AstraZeneca','GO002'),('80309449432','Noble Williamson','FEMININO','1939-04-10','2021-02-23','2021-03-26',0,'CoronaVac','GO001'),('80379657415','Mollie Stuart','FEMININO','1955-02-06','2021-03-05','2021-03-27',1,'CoronaVac','SP001'),('80400760135','Allegra Ryan','FEMININO','2012-07-19','2021-01-10','2021-03-25',0,'SputnikV','BH001'),('80432539685','Cairo Kane','OUTRO','1948-10-10','2021-01-08','2021-03-23',0,'Versamune','GO002'),('80441321035','Nash Booker','FEMININO','1939-03-03','2021-03-06','2021-03-23',0,'Butanvac','GO001'),('80479198563','Hope Noble','MASCULINO','2020-02-09','2021-01-15','2021-03-23',0,'Pfizer','RJ003'),('80759052047','Kane Wyatt','MASCULINO','2000-06-01','2021-03-13','2021-03-25',1,'CoronaVac','SA003'),('80783872517','Elmo Mcbride','FEMININO','1970-03-12','2021-01-23','2021-03-24',1,'AstraZeneca','SA003'),('80867472825','Keith Hays','MASCULINO','2005-10-24','2021-02-28','2021-03-21',1,'Butanvac','RJ003'),('80909293291','Amber Hatfield','FEMININO','2008-06-23','2021-01-15','2021-03-23',1,'Johnson&Johnson','SP002'),('81145259649','Kirby Knight','OUTRO','1977-05-14','2021-02-04','2021-03-27',1,'AstraZeneca','GO002'),('81276224834','Tiger Daugherty','OUTRO','2015-06-16','2021-02-14','2021-03-22',0,'Butanvac','SP003'),('81553530697','Adara Kline','OUTRO','1994-05-15','2021-02-02','2021-03-22',0,'Johnson&Johnson','RJ003'),('81618398650','Quyn Foster','MASCULINO','1925-07-19','2021-02-18','2021-03-23',0,'CoronaVac','GO002'),('81623665414','Daquan Ray','FEMININO','1921-10-20','2021-02-09','2021-03-24',1,'Versamune','BH001'),('81636086085','Desirae Roberts','MASCULINO','2010-11-13','2021-01-23','2021-03-23',0,'AstraZeneca','SP002'),('81715910817','Sandra Bryant','FEMININO','1949-06-29','2021-02-26','2021-03-25',1,'SputnikV','RJ001'),('81873456025','Basil Mcclain','OUTRO','2001-09-04','2021-02-24','2021-03-27',0,'Johnson&Johnson','RJ003'),('82095695976','Sonia Conley','FEMININO','1932-11-17','2021-01-14','2021-03-27',0,'Johnson&Johnson','SP001'),('82158963568','Shoshana Suarez','MASCULINO','1917-11-14','2021-02-19','2021-03-25',1,'Johnson&Johnson','BH003'),('82205704092','Yen Rodriquez','OUTRO','1919-09-24','2021-02-22','2021-03-25',0,'Johnson&Johnson','RJ001'),('82207421764','Kennan Guy','MASCULINO','1953-09-25','2021-02-15','2021-03-21',0,'SputnikV','RJ002'),('82337973779','Angela Anthony','OUTRO','1919-01-19','2021-02-09','2021-03-25',1,'Pfizer','RJ003'),('82348967912','Ainsley Sanders','MASCULINO','2014-02-12','2021-01-27','2021-03-23',1,'Butanvac','BH002'),('82435581767','David Palmer','OUTRO','1946-02-26','2021-03-08','2021-03-23',1,'Butanvac','GO003'),('82610370278','Hollee Harmon','FEMININO','2017-07-26','2021-02-11','2021-03-26',0,'Butanvac','SP002'),('82631645593','Debra Mcclain','MASCULINO','1919-01-28','2021-02-15','2021-03-26',1,'Butanvac','GO002'),('82664497851','Forrest Berger','OUTRO','1914-01-31','2021-03-17','2021-03-21',1,'Johnson&Johnson','SA001'),('82719567421','Deanna Black','OUTRO','1994-08-21','2021-02-07','2021-03-26',1,'Butanvac','SA002'),('82827407994','Brock Gould','FEMININO','2009-12-14','2021-01-14','2021-03-27',0,'Pfizer','RJ001'),('82962654128','Tatum Walker','OUTRO','1971-10-31','2021-01-21','2021-03-21',0,'CoronaVac','BH002'),('83115680388','Hamish Witt','MASCULINO','1928-04-07','2021-03-10','2021-03-21',1,'Butanvac','SA003'),('83238744845','Stephanie Colon','OUTRO','1988-04-15','2021-02-07','2021-03-21',1,'Pfizer','SA002'),('83239505278','Nathaniel Nelson','FEMININO','1989-06-01','2021-01-15','2021-03-27',0,'SputnikV','SA002'),('83446198685','Tallulah Wells','MASCULINO','2018-12-04','2021-03-16','2021-03-24',0,'Johnson&Johnson','GO003'),('83831301274','Winifred Jarvis','MASCULINO','1965-01-16','2021-02-01','2021-03-23',0,'AstraZeneca','SA001'),('83984575816','Paula Williamson','OUTRO','1976-10-09','2021-03-21','2021-03-25',1,'Butanvac','GO001'),('84312020626','Ifeoma Diaz','MASCULINO','1978-04-20','2021-01-03','2021-03-24',1,'SputnikV','SP002'),('84391229932','Dahlia Boyer','FEMININO','2020-09-24','2021-02-07','2021-03-23',1,'Versamune','GO002'),('84545520464','Heidi Hart','MASCULINO','1958-03-19','2021-01-18','2021-03-23',0,'SputnikV','BH003'),('84547428057','Wade Barr','MASCULINO','1935-07-16','2021-01-01','2021-03-27',1,'SputnikV','SA001'),('84627241824','Ignatius Rosario','OUTRO','2004-10-21','2021-03-10','2021-03-23',1,'Butanvac','BH003'),('84666690926','Molly Ruiz','OUTRO','1967-08-09','2021-03-12','2021-03-21',0,'Pfizer','GO003'),('84705205802','Carolyn Eaton','OUTRO','2011-08-25','2021-03-12','2021-03-25',1,'SputnikV','SA002'),('84761447704','Cairo Goodman','FEMININO','1932-06-12','2021-03-16','2021-03-24',1,'AstraZeneca','SP002'),('84895464698','Sara Foster','OUTRO','2003-03-26','2021-03-09','2021-03-24',0,'SputnikV','RJ003'),('85028904798','Ayanna Le','MASCULINO','1964-08-13','2021-01-24','2021-03-27',0,'CoronaVac','GO003'),('85360197043','Oren Cochran','FEMININO','1998-12-28','2021-01-28','2021-03-25',1,'Butanvac','GO002'),('85388686189','Chanda Stanton','FEMININO','1942-03-15','2021-02-01','2021-03-27',0,'AstraZeneca','RJ001'),('85629907613','Sage Kim','OUTRO','2011-06-04','2021-01-11','2021-03-27',0,'Johnson&Johnson','RJ003'),('85822023148','Elliott Simmons','FEMININO','1948-01-18','2021-01-19','2021-03-27',1,'CoronaVac','GO003'),('85917545077','Ulysses Summers','FEMININO','1914-02-05','2021-02-23','2021-03-24',0,'AstraZeneca','GO002'),('86240476639','Celeste Moore','FEMININO','1952-02-29','2021-02-23','2021-03-24',0,'Johnson&Johnson','BH002'),('86306186567','Vera Lewis','FEMININO','1970-06-02','2021-02-19','2021-03-22',0,'Pfizer','SP001'),('86317768896','Ingrid Clements','MASCULINO','1944-07-13','2021-02-26','2021-03-22',0,'AstraZeneca','SP002'),('86432597218','Sybill Simon','FEMININO','1992-12-30','2021-01-21','2021-03-23',0,'Butanvac','RJ003'),('86462642826','Shad Keller','OUTRO','2016-04-08','2021-02-10','2021-03-21',1,'CoronaVac','GO001'),('86470624486','Allegra Cunningham','FEMININO','1953-09-12','2021-02-26','2021-03-27',1,'Versamune','BH001'),('86529704513','Cade Tyson','MASCULINO','1920-06-04','2021-02-17','2021-03-27',1,'Johnson&Johnson','RJ002'),('86536019543','Vivian Simpson','MASCULINO','1941-05-15','2021-02-08','2021-03-27',1,'CoronaVac','SP001'),('86790757577','Galvin Gilbert','MASCULINO','1981-12-02','2021-03-03','2021-03-25',0,'Pfizer','BH001'),('86934937171','Kennedy Gates','MASCULINO','1991-03-19','2021-01-09','2021-03-23',1,'SputnikV','GO002'),('86950220188','Adria Frank','OUTRO','1957-08-14','2021-01-23','2021-03-23',0,'Johnson&Johnson','BH003'),('87111560417','Lee Valentine','MASCULINO','1927-11-29','2021-01-06','2021-03-23',1,'Johnson&Johnson','GO003'),('87123094574','Oliver Long','FEMININO','1977-07-04','2021-03-20','2021-03-24',1,'Butanvac','SP001'),('87730384333','Shay Hicks','MASCULINO','1961-06-10','2021-02-24','2021-03-23',1,'Butanvac','BH001'),('87783454783','Aiko Hardin','OUTRO','1951-08-18','2021-03-17','2021-03-24',0,'CoronaVac','SA002'),('87871633944','Beatrice Fernandez','OUTRO','1960-03-12','2021-03-16','2021-03-27',1,'SputnikV','RJ002'),('88212652533','Lee Maddox','MASCULINO','1968-11-20','2021-03-15','2021-03-24',0,'Versamune','RJ002'),('88496818105','Lesley Ramos','OUTRO','1938-07-29','2021-01-22','2021-03-26',0,'AstraZeneca','SA002'),('88531426972','Lucius Howell','OUTRO','1903-06-13','2021-01-24','2021-03-23',1,'Pfizer','BH002'),('88593235111','Meredith Lester','FEMININO','2017-09-16','2021-02-26','2021-03-24',0,'Butanvac','RJ003'),('88801280898','Shannon Whitney','OUTRO','2015-10-11','2021-02-27','2021-03-21',0,'CoronaVac','SA003'),('88829133774','Fletcher Hoover','MASCULINO','1994-04-14','2021-02-20','2021-03-23',0,'SputnikV','SA001'),('88937676884','Olga Graves','FEMININO','1927-12-05','2021-01-23','2021-03-24',0,'Pfizer','SA003'),('89000582610','Burton Rogers','OUTRO','2000-10-06','2021-03-20','2021-03-22',1,'Johnson&Johnson','SA002'),('89046414713','Cadman Hill','FEMININO','1961-03-19','2021-03-08','2021-03-26',1,'Versamune','GO001'),('89090013613','Remedios Pierce','OUTRO','2001-04-14','2021-01-20','2021-03-21',1,'Pfizer','BH002'),('89150210260','Sylvia Molina','OUTRO','1920-09-03','2021-02-15','2021-03-27',0,'Johnson&Johnson','SA002'),('89203143317','Martina Valenzuela','MASCULINO','1958-10-15','2021-01-19','2021-03-26',1,'SputnikV','SP002'),('89342883155','Marny Sharp','MASCULINO','1940-02-17','2021-01-18','2021-03-21',1,'Pfizer','SA003'),('89371194858','Yoko Schroeder','OUTRO','1983-11-22','2021-02-25','2021-03-27',0,'Versamune','GO001'),('89397835569','Sybil Wilkerson','FEMININO','1967-12-13','2021-02-06','2021-03-23',0,'SputnikV','RJ003'),('89402596884','Charles Gay','MASCULINO','1930-04-03','2021-01-12','2021-03-25',1,'Pfizer','BH002'),('89423975042','Yoshio Arnold','OUTRO','1929-08-17','2021-02-21','2021-03-27',1,'Pfizer','SA002'),('89440815794','Xander Chan','OUTRO','2005-09-05','2021-01-16','2021-03-22',1,'AstraZeneca','RJ003'),('89517239937','Aaron Mccall','MASCULINO','2013-01-25','2021-02-02','2021-03-22',1,'SputnikV','SA002'),('89592789589','Yetta Mcleod','FEMININO','1941-10-25','2021-02-22','2021-03-27',0,'Pfizer','RJ002'),('89745578401','Eric Shaw','FEMININO','1902-02-19','2021-03-10','2021-03-23',0,'CoronaVac','SA003'),('89786270008','Leslie Chang','OUTRO','1939-05-13','2021-01-05','2021-03-27',0,'Johnson&Johnson','BH003'),('89798427297','Ima Strickland','MASCULINO','1971-03-27','2021-01-11','2021-03-26',0,'Pfizer','SA002'),('89805967017','Raven Guthrie','MASCULINO','1914-03-10','2021-03-13','2021-03-22',1,'Butanvac','BH003'),('89900836709','Slade Cobb','FEMININO','1953-06-25','2021-02-11','2021-03-27',1,'Pfizer','BH003'),('90059367004','Herman Sexton','OUTRO','1972-05-28','2021-01-11','2021-03-24',1,'Pfizer','RJ002'),('90139311269','Sylvia Ortega','MASCULINO','1930-10-21','2021-01-07','2021-03-26',1,'Butanvac','BH001'),('90189732613','Colby Nunez','MASCULINO','1957-01-19','2021-02-21','2021-03-24',1,'CoronaVac','BH001'),('90355356430','Baxter Hayden','MASCULINO','1911-01-21','2021-03-16','2021-03-27',0,'CoronaVac','GO001'),('90467711411','Herman Hunt','FEMININO','1976-06-25','2021-01-11','2021-03-26',0,'AstraZeneca','SA002'),('90572050988','Buckminster Saunders','OUTRO','1977-12-27','2021-03-12','2021-03-21',1,'CoronaVac','SP002'),('90576261269','Cheryl Gregory','MASCULINO','1959-12-28','2021-02-14','2021-03-23',1,'SputnikV','SP001'),('90613747341','Hunter Sawyer','OUTRO','1905-12-29','2021-02-04','2021-03-25',1,'Versamune','SA003'),('90874582174','Lesley Bowen','FEMININO','1997-11-17','2021-02-03','2021-03-23',0,'Johnson&Johnson','SA001'),('90999208864','Ivory Riddle','FEMININO','1945-04-16','2021-03-24','2021-03-21',0,'SputnikV','BH001'),('91161407876','Harriet Kennedy','FEMININO','1966-06-22','2021-01-29','2021-03-24',1,'SputnikV','RJ001'),('91162893448','Dean Glover','OUTRO','1944-07-15','2021-01-03','2021-03-26',0,'AstraZeneca','SA002'),('91306547036','Vaughan Moore','FEMININO','1972-09-23','2021-01-01','2021-03-21',0,'Butanvac','SP002'),('91510084238','Ignacia Strickland','MASCULINO','1945-09-08','2021-02-15','2021-03-25',1,'CoronaVac','SA003'),('91635424690','Kathleen Jimenez','FEMININO','1980-05-02','2021-03-18','2021-03-21',0,'Pfizer','SA002'),('91691243574','Zenia Rasmussen','OUTRO','1930-06-02','2021-02-19','2021-03-23',1,'SputnikV','RJ001'),('91801222398','Joan Tran','FEMININO','1932-04-11','2021-03-01','2021-03-21',1,'SputnikV','BH002'),('91861105724','Kermit Hobbs','FEMININO','2003-11-18','2021-03-09','2021-03-25',0,'Butanvac','SA001'),('91870128141','Emma Gillespie','MASCULINO','1911-05-12','2021-03-22','2021-03-27',1,'SputnikV','GO002'),('92031746269','Eaton Hendricks','MASCULINO','1963-12-07','2021-02-12','2021-03-26',0,'Johnson&Johnson','RJ003'),('92093440663','Austin Aguirre','MASCULINO','1971-11-26','2021-02-20','2021-03-22',0,'Versamune','GO001'),('92136033947','Amela Abbott','FEMININO','2011-05-11','2021-02-26','2021-03-26',1,'CoronaVac','BH001'),('92305670666','Fletcher Gilbert','OUTRO','2015-12-08','2021-03-08','2021-03-27',1,'Johnson&Johnson','SA001'),('92308830830','Oleg Morales','OUTRO','1936-11-04','2021-02-21','2021-03-24',1,'Versamune','GO003'),('92428452303','Bruno Griffith','FEMININO','1907-01-10','2021-03-10','2021-03-23',0,'Butanvac','SA003'),('92580180205','Edward Morgan','OUTRO','1989-08-16','2021-03-14','2021-03-27',0,'SputnikV','GO002'),('93235347787','Vladimir Miles','FEMININO','2000-09-07','2021-02-03','2021-03-24',1,'AstraZeneca','SA001'),('93329720013','Iliana Drake','FEMININO','2010-03-05','2021-02-17','2021-03-23',0,'Johnson&Johnson','RJ001'),('93443874657','Drake Park','OUTRO','1970-04-29','2021-01-23','2021-03-26',1,'Butanvac','SP002'),('93579130980','Denise Luna','OUTRO','1918-07-07','2021-01-06','2021-03-26',1,'CoronaVac','RJ001'),('93912628608','Samson Larsen','OUTRO','1957-07-29','2021-02-03','2021-03-21',0,'Johnson&Johnson','SA002'),('93972784092','Catherine Kelley','FEMININO','1981-06-24','2021-03-03','2021-03-26',1,'Versamune','SP003'),('94012668947','Gage Hodges','OUTRO','1934-06-24','2021-02-07','2021-03-21',0,'Butanvac','GO003'),('94154855660','Tate Holcomb','FEMININO','1945-07-05','2021-01-15','2021-03-27',1,'Johnson&Johnson','SA001'),('94172744651','Dillon Dickerson','OUTRO','2009-08-08','2021-01-20','2021-03-23',1,'SputnikV','SP002'),('94280155335','Orson Cooper','OUTRO','1970-04-06','2021-03-10','2021-03-27',0,'Johnson&Johnson','BH001'),('94667106648','Callum Castaneda','OUTRO','1948-12-11','2021-03-26','2021-03-25',0,'Johnson&Johnson','SA003'),('94858861814','April Vargas','FEMININO','1977-02-12','2021-01-11','2021-03-23',0,'Pfizer','GO003'),('95022372739','Hyacinth Warner','OUTRO','1912-11-05','2021-02-22','2021-03-27',0,'Johnson&Johnson','BH002'),('95057939237','Brennan Tyson','FEMININO','1978-05-06','2021-03-26','2021-03-22',0,'Versamune','SA002'),('95349086228','Maite Green','FEMININO','1957-01-23','2021-01-26','2021-03-21',0,'Pfizer','SA002'),('95363091334','Juliet Mcguire','OUTRO','1939-02-21','2021-02-02','2021-03-23',0,'SputnikV','RJ002'),('95409405089','Alexa Mcdaniel','FEMININO','2018-07-13','2021-01-17','2021-03-21',0,'Johnson&Johnson','BH002'),('95519624048','Henry Wyatt','MASCULINO','1953-11-08','2021-01-02','2021-03-22',0,'Butanvac','GO001'),('95524277212','Gary Hoffman','OUTRO','1979-12-08','2021-03-07','2021-03-26',0,'Butanvac','RJ003'),('95582805985','Jonah Harding','FEMININO','1926-11-10','2021-01-02','2021-03-27',1,'SputnikV','SA003'),('95596783744','Martena Castro','OUTRO','1901-09-28','2021-01-20','2021-03-26',0,'CoronaVac','GO001'),('95660907782','Paloma Jacobson','FEMININO','2010-05-06','2021-02-20','2021-03-26',0,'Versamune','BH002'),('95737664797','Sopoline Gill','MASCULINO','1940-04-12','2021-02-25','2021-03-24',0,'Johnson&Johnson','SP002'),('95748067000','Graiden Randolph','OUTRO','1936-09-28','2021-01-18','2021-03-25',0,'SputnikV','SP003'),('95881438597','Gregory Dorsey','MASCULINO','1906-12-12','2021-03-04','2021-03-22',1,'Butanvac','BH001'),('95977015911','Shad Ward','FEMININO','1912-01-16','2021-02-02','2021-03-23',1,'Pfizer','SP003'),('96026103379','Gretchen Moran','OUTRO','1996-02-24','2021-01-18','2021-03-21',0,'CoronaVac','SP002'),('96297685653','Raymond Huffman','FEMININO','2005-06-04','2021-03-08','2021-03-23',0,'Butanvac','BH003'),('96370435671','MacKenzie Oconnor','MASCULINO','1922-03-28','2021-01-10','2021-03-25',0,'SputnikV','SP002'),('96513707410','Jarrod Lloyd','MASCULINO','2017-05-10','2021-01-14','2021-03-26',1,'Pfizer','RJ003'),('96599898435','Elmo Paul','FEMININO','1979-10-01','2021-02-11','2021-03-24',0,'Pfizer','GO002'),('96646318582','Kelly Dyer','FEMININO','1953-10-05','2021-01-23','2021-03-22',0,'Butanvac','BH003'),('96694371661','Edward Sanders','FEMININO','1913-07-19','2021-03-01','2021-03-22',1,'Butanvac','GO003'),('96786845199','Edward Mccarty','FEMININO','2016-10-11','2021-02-27','2021-03-26',1,'Pfizer','RJ003'),('96795020494','Kenyon Guthrie','OUTRO','1973-09-13','2021-02-02','2021-03-21',1,'CoronaVac','SA001'),('96965000033','Rinah Nichols','MASCULINO','1904-05-21','2021-01-24','2021-03-26',1,'Johnson&Johnson','SP002'),('97161295263','Knox Holloway','FEMININO','1928-11-16','2021-02-12','2021-03-23',0,'AstraZeneca','SA002'),('97311968310','Mufutau Frye','MASCULINO','1969-04-22','2021-02-08','2021-03-24',0,'Versamune','BH002'),('97427073553','Jemima Forbes','OUTRO','1926-01-27','2021-01-31','2021-03-26',0,'Johnson&Johnson','RJ001'),('97478503574','Guinevere Stark','OUTRO','1979-06-19','2021-03-15','2021-03-22',1,'Butanvac','SA002'),('97588870527','Guy Aguilar','OUTRO','1929-04-21','2021-01-18','2021-03-25',1,'Versamune','SA002'),('97732316232','Finn Davidson','MASCULINO','1965-11-06','2021-03-18','2021-03-27',1,'SputnikV','RJ003'),('97828987318','Daniel Dorsey','OUTRO','2020-02-14','2021-02-26','2021-03-23',1,'AstraZeneca','SP003'),('98095294307','Channing Watts','MASCULINO','1937-10-15','2021-01-24','2021-03-24',0,'SputnikV','GO001'),('98164668142','Orson Freeman','FEMININO','1988-11-05','2021-01-20','2021-03-23',0,'Versamune','SA001'),('98265515224','Abra Clayton','FEMININO','2004-02-03','2021-03-22','2021-03-22',0,'CoronaVac','SP002'),('98338791375','Leilani Bowen','MASCULINO','2010-06-03','2021-01-10','2021-03-26',0,'Johnson&Johnson','BH001'),('98534203358','Malcolm Ortiz','OUTRO','1902-01-13','2021-01-11','2021-03-22',1,'Johnson&Johnson','SP003'),('98589057366','Jamalia Baird','FEMININO','1961-01-04','2021-03-12','2021-03-27',0,'Butanvac','SA003'),('98679686745','Chadwick Hinton','OUTRO','1989-09-12','2021-02-24','2021-03-27',1,'CoronaVac','BH003'),('98721517411','Velma Raymond','OUTRO','1937-04-09','2021-01-13','2021-03-27',0,'SputnikV','SP002'),('98817884483','Audrey Dale','FEMININO','1947-03-14','2021-02-01','2021-03-23',0,'Pfizer','GO002'),('98932649895','Yuli Pope','OUTRO','1972-02-23','2021-02-24','2021-03-23',0,'Versamune','SA003'),('99022282465','Chase Joyce','OUTRO','1983-03-16','2021-01-07','2021-03-26',1,'CoronaVac','BH003'),('99034927974','Theodore Anthony','OUTRO','1919-04-17','2021-01-29','2021-03-25',1,'SputnikV','GO002'),('99172598345','Mark Barrett','OUTRO','1965-06-03','2021-03-16','2021-03-27',1,'Pfizer','RJ002'),('99279606166','Melissa Nichols','FEMININO','1963-10-31','2021-03-10','2021-03-21',0,'CoronaVac','BH003'),('99396850413','Vance Griffin','MASCULINO','1963-03-08','2021-03-05','2021-03-26',1,'SputnikV','GO001'),('99403812469','Jessamine Bolton','MASCULINO','1937-01-09','2021-03-04','2021-03-24',1,'Johnson&Johnson','RJ001'),('99571606364','Dawn Cooper','OUTRO','1969-04-07','2021-03-24','2021-03-21',0,'SputnikV','RJ001'),('99579124874','Tarik Lloyd','OUTRO','2013-03-30','2021-02-17','2021-03-21',0,'Butanvac','SP003'),('99654663482','Orla Perez','FEMININO','1905-02-08','2021-01-05','2021-03-24',1,'Butanvac','SP003'),('99722882517','Jonas Kerr','MASCULINO','1996-10-04','2021-02-27','2021-03-27',1,'SputnikV','RJ001'),('99747980576','Rhiannon Barnes','OUTRO','1922-05-31','2021-02-25','2021-03-24',0,'SputnikV','GO001'),('99783051242','Athena Stuart','FEMININO','1992-08-31','2021-01-25','2021-03-21',1,'Pfizer','SP001'),('99822408273','Berk Petersen','MASCULINO','1957-05-14','2021-02-18','2021-03-21',1,'Versamune','SP001'),('99838531627','Lucian Coffey','OUTRO','1957-11-23','2021-01-21','2021-03-27',1,'SputnikV','BH002'),('99868488637','Simone Hubbard','OUTRO','1916-04-14','2021-01-25','2021-03-25',0,'Pfizer','RJ003');
INSERT INTO `COMORBIDADE` VALUES ('00471601016','IMUNOSSUPRIMIDOS'),('00644679549','DOENÇAS CARDIOVASCULARES'),('01345983237','PNEUMOPATIAS CRÔNICAS GRAVES'),('03786524746','DOENÇA CEREBROVASCULAR'),('04469347209','CARDIOPATIA HIPERTENSIVA'),('04543053039','CARDIOPATIA CONGÊNITA NO ADULTO'),('06789099905','HIPERTENSÃO PULMONAR'),('07041257715','HIPERTENSÃO PULMONAR'),('07332659849','HIPERTENSÃO ARTERIAL ESTÁGIO 3'),('08341331058','ANEMIA FALCIFORME'),('09356047796','CARDIOPATIA HIPERTENSIVA'),('09356047796','HIPERTENSÃO ARTERIAL ESTÁGIO 3'),('10243469328','HIPERTENSÃO ARTERIAL RESISTENTE'),('10323884314','PNEUMOPATIAS CRÔNICAS GRAVES'),('10341928471','CARDIOPATIA CONGÊNITA NO ADULTO'),('12527627360','IMUNOSSUPRIMIDOS'),('12991159733','DOENÇAS CARDIOVASCULARES'),('13653805072','DOENÇAS CARDIOVASCULARES'),('17093483550','INSUFICIÊNCIA CARDÍACA (ICC)'),('17771352985','PRÓTESES VALVARES E DISPOSITIVOS CARDÍACOS IMPLANTADOS'),('18301816843','DIABETES MELLITUS'),('19285240495','HIPERTENSÃO ARTERIAL ESTÁGIO 3'),('20249870561','IMUNOSSUPRIMIDOS'),('21254571870','HIPERTENSÃO PULMONAR'),('21983327964','SÍNDROME DE DOWN'),('22116255591','VALVOPATIAS'),('22205901807','HIPERTENSÃO ARTERIAL RESISTENTE'),('23034100953','HIPERTENSÃO ARTERIAL RESISTENTE'),('23727016346','CARDIOPATIA HIPERTENSIVA'),('23727016346','DIABETES MELLITUS'),('24048283793','INSUFICIÊNCIA CARDÍACA (ICC)'),('26007239398','CARDIOPATIA HIPERTENSIVA'),('26948496112','DOENÇA RENAL CRÔNICA'),('28469588938','DOENÇAS CARDIOVASCULARES'),('28649852626','HIPERTENSÃO PULMONAR'),('29121695553','ANEMIA FALCIFORME'),('30532588490','ARRITMIA CARDÍACA'),('33977594421','VALVOPATIAS'),('35102322455','DOENÇAS CARDIOVASCULARES'),('36651260072','DOENÇAS CARDIOVASCULARES'),('36651260072','PNEUMOPATIAS CRÔNICAS GRAVES'),('37719101178','HIPERTENSÃO PULMONAR'),('37923387997','CARDIOPATIA CONGÊNITA NO ADULTO'),('38179034498','INSUFICIÊNCIA CARDÍACA (ICC)'),('38179034498','PNEUMOPATIAS CRÔNICAS GRAVES'),('38179348738','ARRITMIA CARDÍACA'),('38888404106','DOENÇA RENAL CRÔNICA'),('40215062758','HIPERTENSÃO PULMONAR'),('41081956645','CARDIOPATIA HIPERTENSIVA'),('42002988335','CARDIOPATIA HIPERTENSIVA'),('42244324083','DOENÇA RENAL CRÔNICA'),('42764865284','VALVOPATIAS'),('43960493716','MIOCARDIOPATIA'),('46168549821','OBESIDADE MÓRBIDA'),('46711584363','INSUFICIÊNCIA CARDÍACA (ICC)'),('47676541415','ARRITMIA CARDÍACA'),('48043472205','HIPERTENSÃO ARTERIAL ESTÁGIO 3'),('48043472205','PNEUMOPATIAS CRÔNICAS GRAVES'),('51475995317','HIPERTENSÃO ARTERIAL ESTÁGIO 3'),('51713225760','ARRITMIA CARDÍACA'),('57159439871','IMUNOSSUPRIMIDOS'),('58564351779','DOENÇA CEREBROVASCULAR'),('59142169290','DOENÇA RENAL CRÔNICA'),('59148528278','CARDIOPATIA CONGÊNITA NO ADULTO'),('59155712457','CARDIOPATIA HIPERTENSIVA'),('59738573923','HIPERTENSÃO ARTERIAL RESISTENTE'),('59765412824','HIPERTENSÃO ARTERIAL RESISTENTE'),('60982393539','DOENÇA RENAL CRÔNICA'),('62994003531','VALVOPATIAS'),('63803303669','DOENÇAS CARDIOVASCULARES'),('64562823719','OBESIDADE MÓRBIDA'),('64620859410','IMUNOSSUPRIMIDOS'),('67436178483','IMUNOSSUPRIMIDOS'),('67629524330','PNEUMOPATIAS CRÔNICAS GRAVES'),('68837967361','HIPERTENSÃO PULMONAR'),('69292725076','SÍNDROME DE DOWN'),('70031131651','PRÓTESES VALVARES E DISPOSITIVOS CARDÍACOS IMPLANTADOS'),('71820188496','HIPERTENSÃO PULMONAR'),('73635631243','DIABETES MELLITUS'),('74172940317','DIABETES MELLITUS'),('74379818794','CARDIOPATIA HIPERTENSIVA'),('75019424093','ANEMIA FALCIFORME'),('75908878914','DOENÇA RENAL CRÔNICA'),('77857762905','PRÓTESES VALVARES E DISPOSITIVOS CARDÍACOS IMPLANTADOS'),('79115043197','SÍNDROME DE DOWN'),('80400760135','PNEUMOPATIAS CRÔNICAS GRAVES'),('80759052047','HIPERTENSÃO ARTERIAL RESISTENTE'),('83446198685','MIOCARDIOPATIA'),('86306186567','SÍNDROMES CORONARIANAS'),('86536019543','CARDIOPATIA CONGÊNITA NO ADULTO'),('91306547036','DOENÇA RENAL CRÔNICA'),('91306547036','VALVOPATIAS'),('93443874657','HIPERTENSÃO PULMONAR'),('94280155335','CARDIOPATIA HIPERTENSIVA'),('96297685653','HIPERTENSÃO ARTERIAL RESISTENTE'),('97161295263','PRÓTESES VALVARES E DISPOSITIVOS CARDÍACOS IMPLANTADOS'),('97427073553','VALVOPATIAS'),('98265515224','HIPERTENSÃO ARTERIAL ESTÁGIO 3'),('99022282465','SÍNDROME DE DOWN'),('99822408273','SÍNDROME DE DOWN');
INSERT INTO `FORNECEDOR` VALUES ('03BW5yhYtf','Versamune','97048  Brunei Darussalam Blvd.',65.89,'Horn'),('0FSIKNHONh','SputnikV','64592  Vanuatu Ct.',34.74,'Palmer'),('1nwTFoQozX','SputnikV','76777 East Turks and Caicos Islands Ln.',38.84,'Murray'),('1zh9VgmUWr','Pfizer','12020 North Barbados Ct.',36.12,'Fry'),('28gUiax58n','Versamune','98848 West Kuwait Ln.',45.63,'Fitzgerald'),('2jBA8u3C9i','SputnikV','36056 West Bahrain Ln.',30.97,'Jones'),('3NIrIzDUuI','SputnikV','99820  Chile Ave.',19.68,'Reese'),('3qGZAwUOlS','Versamune','86969 North Luxembourg Ave.',46.45,'Frye'),('3TxUjONgNd','SputnikV','37427 West Comoros Ln.',41.6,'Rivera'),('4nNiEJt4fk','Butanvac','57363  Bloomington St.',45.27,'Calderon'),('5lfK00euMb','CoronaVac','97387 South Antarctica Way',78.8,'Cortez'),('7BMOme52NO','SputnikV','78517  British Indian Ocean Territory St.',99.86,'Madden'),('7Hba3pefDh','Versamune','28555 East Monroe St.',89.08,'Norman'),('7LFUChqsYp','Pfizer','59931 South Chad Way',63.96,'Ward'),('7zkciqWNjt','Pfizer','16891 West Tunisia St.',83.36,'Garrison'),('8CtmBlioOK','Butanvac','87274 East Fredericksburg Ct.',33.16,'Owen'),('9wtn61NfdS','Versamune','39528  Des Moines Way',88.56,'York'),('aam1as2Uvm','Pfizer','70234 West Muskogee St.',32.25,'Jacobs'),('aBo3CL2U50','Versamune','45806 North China Way',87.89,'Burns'),('aCY8nBnpDb','CoronaVac','2044 North Uruguay Way',45.32,'Pena'),('BBzmLe4MEs','Pfizer','45294 North Algeria Ave.',84.54,'Conrad'),('Bfe1FtZYFs','Johnson&Johnson','63730 West Boise St.',22.76,'Justice'),('bqSA9hI4G2','SputnikV','93858 North Dubuque St.',86.23,'Hyde'),('cD7OftITLu','SputnikV','96326 East French Polynesia Ave.',51.79,'Benson'),('cE0UvkA8Qx','AstraZeneca','43042 South Cook Islands Way',52.03,'Castaneda'),('cK27bWd91K','Johnson&Johnson','80585 North French Southern Territories Blvd.',55.4,'May'),('cltc5CWTZw','SputnikV','76821 North Cuba Ave.',94.46,'Perry'),('cO2ZR9tj3y','Pfizer','4873 West Lowell Blvd.',60.88,'Solis'),('D4LJgKVBYd','Johnson&Johnson','90173 East Aspen Way',18.46,'Curry'),('d9T6ITWxve','Versamune','37389 East Greensboro Ln.',31.78,'Williams'),('Dx1t4AlKeD','Pfizer','27455 East French Guiana Ln.',10.53,'Gordon'),('e0rUfmBzVH','Versamune','63967 West Korea Ln.',11.2,'Parks'),('EOtxmJPDI1','Butanvac','3619 East Paraguay St.',76.55,'Travis'),('EyBT0dW7zH','SputnikV','84347 East Belarus Ct.',45.91,'York'),('fsS7dhQyiB','Butanvac','50050 South Citrus Heights Blvd.',96.2,'Hogan'),('GbatgbiDNG','Pfizer','65960 North Chicago Ave.',32.34,'Woodward'),('gSGvUA5d9R','Versamune','59277 West Macedonia Ln.',91.91,'Michael'),('hAS6JysInK','Johnson&Johnson','94022 South South Africa Blvd.',98.54,'Morton'),('hp3PaF3z1S','AstraZeneca','28565 South Sierra Leone Ln.',73.06,'Daniel'),('i83B8pCBbT','Johnson&Johnson','43096  Decatur Ave.',65.54,'Mayo'),('IkROGleyw2','Butanvac','34867 East Bahamas Blvd.',18.83,'Cervantes'),('ItHdZ3wr2m','Pfizer','82975 North Madagascar Way',38.48,'Johnson'),('K9ugpYrNdr','Butanvac','73420  Mali St.',84.28,'Mckenzie'),('KcEiKQMYNO','SputnikV','18257 East Tuvalu Ct.',46.96,'Mcintosh'),('krJ2bVW4uK','CoronaVac','58735 South Gettysburg St.',90.37,'Gallagher'),('KslP5vqknQ','SputnikV','8672 East Czech Republic Way',75.59,'Melton'),('KUOIfv0kfn','Butanvac','92233  Costa Rica Ln.',66.23,'Hodges'),('LraPWoACQC','Pfizer','69413 South Bahamas Ct.',95.88,'Kirk'),('ltQMPwRyfD','Pfizer','69392  Fresno Ct.',10.12,'Hensley'),('M2M0iZGqww','SputnikV','39792  Bosnia and Herzegovina Ct.',85.85,'Roberson'),('mFP5CM8017','SputnikV','95695 East Dana Point Ave.',44.52,'Warren'),('MGiHKnnwiC','Pfizer','48267 West Cambodia Way',72,'Woodard'),('mkX7NENRhu','Versamune','19350 East Crown Point Blvd.',52.75,'Scott'),('Mr5nUZSGzr','Versamune','72913 South Tuvalu Ct.',10.27,'Campbell'),('Ms1LTxMTIL','SputnikV','99302 East Belarus St.',97.62,'English'),('mTWfgoHaIl','SputnikV','96313 North Kenya Way',83.38,'Wilkerson'),('Mu7nIsCBM7','Pfizer','44872 West Chula Vista Ave.',33.46,'Pugh'),('mvbqMEvSHS','SputnikV','69643  Wallis and Futuna St.',75.62,'Best'),('mXZMnTOb1q','Johnson&Johnson','86815 East Malawi Ave.',27.93,'Huber'),('NVElkJV3qQ','Versamune','10812 East Falkland Islands (Malvinas) Ave.',95.88,'Mccall'),('NxLbUK5FIv','Butanvac','31595 West Togo St.',81.18,'Wiggins'),('OcuYyN1zDm','Versamune','44514 South Iran, Islamic Republic of Way',51.32,'Morrison'),('OJu75TL7UG','CoronaVac','83377 East Chicago St.',22.08,'Jimenez'),('ouBH3V8qTX','CoronaVac','80569 South Guayanilla Ct.',28.04,'Mcclain'),('oXXj1mti73','AstraZeneca','33579 South Galesburg Way',67.68,'Short'),('p5o9NpCfQx','CoronaVac','81898 East Brazil Ave.',13.43,'Velazquez'),('Pf5YFdAHbN','AstraZeneca','57092 West Australia St.',45.97,'Mcclain'),('PTwZncqcYt','CoronaVac','50975 East Bahrain St.',28.29,'Fletcher'),('qdoJl0hEf1','Versamune','16512 East Belize Ave.',57.47,'Marks'),('qr0j53WjSm','Butanvac','87211  Cook Islands Blvd.',23.62,'Maxwell'),('QyYZK01D2l','Versamune','70902 North Azerbaijan Blvd.',60.64,'Baird'),('r2Ui8ZutmH','Johnson&Johnson','15605  Asheville Ave.',48.43,'West'),('R31EduSOiI','SputnikV','84029  Amesbury Ln.',65.25,'Harper'),('RNsGFsSq80','AstraZeneca','78894  Congo Ct.',18.06,'Rollins'),('s6IsXAUp5A','SputnikV','11490 East Heard Island and Mcdonald Islands St.',14.32,'Curtis'),('T4Y9sBPd9b','Butanvac','95295 East Durango Way',90.12,'Contreras'),('tfO7W8Tpec','Johnson&Johnson','19304  Benin St.',59.43,'Thornton'),('Tp1oYwhvrP','CoronaVac','3304 South Nicaragua St.',43.53,'Castro'),('TtziIAnU2T','Pfizer','57317 North Suriname St.',30.26,'Clemons'),('TuqWUinShd','Pfizer','32710 West Burkina Faso St.',24.76,'Cardenas'),('tVeSry6Aun','Butanvac','41858  Mauritius Ct.',65.42,'Osborne'),('UlgHfQv7hC','Butanvac','17479 South Austria Ln.',72.33,'Sampson'),('uLRpfZ1Df6','Johnson&Johnson','18629 East Ecuador Way',35.81,'Ferguson'),('ULu2ClCILv','Johnson&Johnson','34812 East Mayotte St.',12.51,'Mckay'),('usr99jBoDr','Pfizer','21843 North Virgin Islands, British Ave.',15.6,'Marquez'),('UyTQA2Ey6b','Johnson&Johnson','19895 West Paraguay Blvd.',97.33,'Porter'),('V2juTqRwk9','Johnson&Johnson','59855  Angola Ct.',26.53,'Landry'),('v884CQ0Ek2','AstraZeneca','16398 East Iran, Islamic Republic of Blvd.',22.36,'Walton'),('Vd8MjvFNq6','Pfizer','87026 North Liechtenstein Ave.',41.42,'House'),('VDtY2UxwJF','Versamune','88622  Lebanon St.',83.43,'Byers'),('W2KwOLOKtN','Versamune','10101 West Peru Blvd.',38.22,'Barnes'),('wfPmVRy8qv','Pfizer','96500 West Boulder Junction Ln.',96.98,'Santiago'),('wI4S94g1lI','Johnson&Johnson','77289 West Central African Republic Ct.',32.29,'Schmidt'),('wIuJ8QEbFM','Johnson&Johnson','29903 East Hoboken Ave.',65.01,'Raymond'),('XfZzyoOLlY','Johnson&Johnson','43875 East Bahamas Blvd.',14.16,'Dickson'),('yaYwWGBNcZ','Butanvac','66742  Afghanistan Way',52.1,'Pace'),('ydwzgxyQHl','SputnikV','40355  Haiti Ln.',35.97,'Ayala'),('Z1rMSVim2d','AstraZeneca','37770 South Derby Ct.',34.09,'Ortega'),('za4x8MYDsx','CoronaVac','35531 North Brigham City Ct.',94.06,'Chavez'),('Zup6LQe47M','Versamune','25745 West Bermuda Way',87.92,'Mcmahon');
